id,japanese,reading,french,category,lesson,level,ready
"v0001","わたし","わたし","je, moi","nom/autre","1","N5","true"
"v0002","あなた","あなた","vous (singulier)","nom/autre","1","N5","true"
"v0003","あの 人（あの 方）","あの ひと（あの かた）","cette personne(-là); il, lui, elle (あの かた est la forme polie de あの ひと)","nom/autre","1","N5","true"
"v0004","～さん","～さん","M., Mme, Mlle (suffixe ajouté au nom pour exprimer la politesse)","nom/autre","1","N5","true"
"v0005","～ちゃん","～ちゃん","(suffixe ajouté au prénom d'un enfant à la place de ～さん)","nom/autre","1","N5","true"
"v0006","～人","～じん","(suffixe ajouté au nom d'un pays, ce qui signifie qu'une personne est de cette nationalité ex : アメリカじん un(e) Américain(e))","nom/autre","1","N5","true"
"v0007","先生","せんせい","professeur, instituteur, maître (ne s'emploie pas pour désigner sa propre profession)","nom/autre","1","N5","true"
"v0008","教師","きょうし","enseignant","nom/autre","1","N5","true"
"v0009","学生","がくせい","étudiant","nom/autre","1","N5","true"
"v0010","会社員","かいしゃいん","employé d'une compagnie","nom/autre","1","N5","true"
"v0011","社員","しゃいん","employé (utilisé avec le nom de la compagnie ex : IMC の しゃいん)","nom/autre","1","N5","true"
"v0012","銀行員","ぎんこういん","employé de banque","nom/autre","1","N5","true"
"v0013","医者","いしゃ","médecin","nom/autre","1","N5","true"
"v0014","研究者","けんきゅうしゃ","chercheur","nom/autre","1","N5","true"
"v0015","大学","だいがく","université","nom/autre","1","N5","true"
"v0016","病院","びょういん","hôpital","nom/autre","1","N5","true"
"v0017","だれ（どなた）","だれ（どなた）","qui (どなた est la forme polie de だれ)","nom/autre","1","N5","true"
"v0018","－歳","－さい","－ an(s)","nom/autre","1","N5","true"
"v0019","何歳","なんさい（おいくつ）","quel âge (おいくつ est la forme polie de なんさい)","nom/autre","1","N5","true"
"v0020","はい","はい","oui","expression","1","N5","true"
"v0021","いいえ","いいえ","non","expression","1","N5","true"
"v0022","初めまして。","はじめまして。","Enchanté (litt. Je vous rencontre pour la première fois. L'expression est utilisée habituellement comme première phrase lors de la présentation de soi)","expression","1","N5","true"
"v0023","～から 来ました。","～から きました。","Je viens (je suis venu) de ～.","verbe","1","N5","true"
"v0024","よろしく。","よろしく。","Très heureux de faire votre connaissance (litt. Merci de votre haute bienveillance. On utilise l'expression à la fin de la présentation de soi).","expression","1","N5","true"
"v0025","失礼ですが","しつれいですが","Excusez-moi (l'expression est utilisée lorsqu'on demande une information personnelle à l'interlocuteur telle que son nom ou son adresse).","nom/autre","1","N5","true"
"v0026","お名前は？","おなまえは？","Comment vous appelez-vous? Quel est votre nom?","expression","1","N5","true"
"v0027","こちらは ～さんです。","こちらは ～さんです。","Voici M. (Mme, Mlle) ～.","expression","1","N5","true"
"v0028","アメリカ","アメリカ","États-Unis","nom/autre","1","N5","true"
"v0029","イギリス","イギリス","Angleterre","nom/autre","1","N5","true"
"v0030","インド","インド","Inde","nom/autre","1","N5","true"
"v0031","インドネシア","インドネシア","Indonésie","nom/autre","1","N5","true"
"v0032","韓国","かんこく","Corée (du Sud)","nom/autre","1","N5","true"
"v0033","タイ","タイ","Thaïlande","nom/autre","1","N5","true"
"v0034","中国","ちゅうごく","Chine","nom/autre","1","N5","true"
"v0035","ドイツ","ドイツ","Allemagne","nom/autre","1","N5","true"
"v0036","日本","にほん","Japon","nom/autre","1","N5","true"
"v0037","ブラジル","ブラジル","Brésil","nom/autre","1","N5","true"
"v0042","わたしたち","わたしたち","nous","nom/autre","1","N5","true"
"v0043","皆さん","みなさん","(vous) tous, Mesdames, Mesdemoiselles et Messieurs","nom/autre","1","N5","true"
"v0044","～君","～くん","(suffixe ajouté au nom ou au prénom d'un garçon)","nom/autre","1","N5","true"
"v0045","エンジニア","エンジニア","ingénieur","nom/autre","1","N5","true"
"v0046","電気","でんき","électricité, lampe, lumière","nom/autre","1","N5","true"
"v0047","フランス","フランス","France","nom/autre","1","N5","true"
"v0048","これ","これ","ce, ceci (celui qui se trouve près du locuteur)","nom/autre","2","N5","true"
"v0049","それ","それ","ce, cela (celui qui se trouve près de l'interlocuteur)","nom/autre","2","N5","true"
"v0050","あれ","あれ","ce, cela (celui que se trouve loin du locuteur et de l'interlocuteur)","nom/autre","2","N5","true"
"v0051","この ～","この ～","ce, cette ～ ci","nom/autre","2","N5","true"
"v0052","その ～","その ～","ce, cette ～ là","nom/autre","2","N5","true"
"v0053","あの ～","あの ～","ce, cette ～ là-bas","nom/autre","2","N5","true"
"v0054","本","ほん","livre","nom/autre","2","N5","true"
"v0055","辞書","じしょ","dictionnaire","nom/autre","2","N5","true"
"v0056","雑誌","ざっし","magazine, revue","nom/autre","2","N5","true"
"v0057","新聞","しんぶん","journal","nom/autre","2","N5","true"
"v0058","ノート","ノート","cahier","nom/autre","2","N5","true"
"v0059","手帳","てちょう","agenda, carnet","nom/autre","2","N5","true"
"v0060","名刺","めいし","carte de visite","nom/autre","2","N5","true"
"v0061","カード","カード","carte","nom/autre","2","N5","true"
"v0062","鉛筆","えんぴつ","crayon papier","nom/autre","2","N5","true"
"v0063","ボールペン","ボールペン","stylo à bille","nom/autre","2","N5","true"
"v0064","シャープペンシル","シャープペンシル","porte-mine","nom/autre","2","N5","true"
"v0065","かぎ","かぎ","clé","nom/autre","2","N5","true"
"v0066","時計","とけい","montre, horloge, réveil","nom/autre","2","N5","true"
"v0067","傘","かさ","parapluie","nom/autre","2","N5","true"
"v0068","かばん","かばん","sac","nom/autre","2","N5","true"
"v0069","CD","CD","CD","nom/autre","2","N5","true"
"v0070","テレビ","テレビ","télévision","nom/autre","2","N5","true"
"v0071","ラジオ","ラジオ","radio","nom/autre","2","N5","true"
"v0072","カメラ","カメラ","appareil-photo","nom/autre","2","N5","true"
"v0073","コンピューター","コンピューター","ordinateur","nom/autre","2","N5","true"
"v0074","車","くるま","voiture","nom/autre","2","N5","true"
"v0075","机","つくえ","table, bureau","nom/autre","2","N5","true"
"v0076","いす","いす","chaise","nom/autre","2","N5","true"
"v0077","チョコレート","チョコレート","chocolat","nom/autre","2","N5","true"
"v0078","コーヒー","コーヒー","café","nom/autre","2","N5","true"
"v0079","土産","みやげ","souvenir, cadeau","nom/autre","2","N5","true"
"v0080","英語","えいご","anglais","nom/autre","2","N5","true"
"v0081","日本語","にほんご","japonais","nom/autre","2","N5","true"
"v0082","～語","～ご","langue～","nom/autre","2","N5","true"
"v0083","何","なん","que, quoi","nom/autre","2","N5","true"
"v0084","そう","そう","C'est cela","nom/autre","2","N5","true"
"v0085","あのう","あのう","euh (expression utilisée pour s'adresser avec gêne ou hésitation)","nom/autre","2","N5","true"
"v0086","えっ","えっ","Ah (émis lorsque l'on a entendu quelque chose d'inattendu)","nom/autre","2","N5","true"
"v0087","どうぞ。","どうぞ。","Tenez, je vous en prie (s'emploie lorsque l'on offre quelque chose).","expression","2","N5","true"
"v0088","ありがとう。","ありがとう。","Merci [beaucoup].","expression","2","N5","true"
"v0089","そうですか。","そうですか。","Ah bon./Ah, d'accord.","expression","2","N5","true"
"v0090","違います。","ちがいます。","Non, ce n'est pas cela./Vous avez tort.","expression","2","N5","true"
"v0091","あ","あ","Ah (émis lorsque l'on s'est rendu compte de quelque chose)","nom/autre","2","N5","true"
"v0092","これから お世話に なります。","これから おせわに なります。","Je suis heureux de vous connaître (litt. Je suis ravi de pouvoir compter sur vous).","expression","2","N5","true"
"v0093","こちらこそよろしく。","こちらこそよろしく。","réponse àよろしく(Très heureux de faire votre connaissance)","expression","2","N5","true"
"v0094","テレホンカード","テレホンカード","carte de téléphone","nom/autre","2","N5","true"
"v0095","テープ","テープ","ruban","nom/autre","2","N5","true"
"v0096","テープレコーダー","テープレコーダー","magnétophone","nom/autre","2","N5","true"
"v0097","自動車","じどうしゃ","voiture","nom/autre","2","N5","true"
"v0098","ほんの 気持ちです。","ほんの きもちです。","C'est un tout petit cadeau./C'est un modeste témoignage de reconnaissance.","expression","2","N5","true"
"v0099","どうも。","どうも。","Merci.","expression","2","N5","true"
"v0100","ここ","ここ","ici, cet endroit","nom/autre","3","N5","true"
"v0101","そこ","そこ","là, là-bas, cet endroit (près de vous)","nom/autre","3","N5","true"
"v0102","あそこ","あそこ","là-bas","nom/autre","3","N5","true"
"v0103","どこ","どこ","où","nom/autre","3","N5","true"
"v0104","こちら","こちら","cette direction-ci, ici (expression polie de ここ)","nom/autre","3","N5","true"
"v0105","そちら","そちら","cette direction-là, là-bas (expression polie de そこ)","nom/autre","3","N5","true"
"v0106","あちら","あちら","cette direction-là, là-bas (expression polie de あそこ)","nom/autre","3","N5","true"
"v0107","どちら","どちら","quelle direction, où (expression polie de どこ)","nom/autre","3","N5","true"
"v0108","教室","きょうしつ","salle de cours","nom/autre","3","N5","true"
"v0109","食堂","しょくどう","restaurant, cantine","nom/autre","3","N5","true"
"v0110","事務所","じむしょ","bureau","nom/autre","3","N5","true"
"v0111","会議室","かいぎしつ","salle de réunion","nom/autre","3","N5","true"
"v0112","受付","うけつけ","accueil","nom/autre","3","N5","true"
"v0113","ロビー","ロビー","hall","nom/autre","3","N5","true"
"v0114","部屋","へや","salle, chambre","nom/autre","3","N5","true"
"v0115","トイレ（お手洗い）","トイレ（おてあらい）","toilettes","nom/autre","3","N5","true"
"v0116","階段","かいだん","escalier","nom/autre","3","N5","true"
"v0117","エレベーター","エレベーター","ascenseur","nom/autre","3","N5","true"
"v0118","エスカレーター","エスカレーター","escalator","nom/autre","3","N5","true"
"v0119","自動販売機","じどうはんばいき","distributeur automatique","nom/autre","3","N5","true"
"v0120","電話","でんわ","téléphone","nom/autre","3","N5","true"
"v0121","国","くに","pays","nom/autre","3","N5","true"
"v0122","会社","かいしゃ","entreprise, société","nom/autre","3","N5","true"
"v0123","うち","うち","maison","nom/autre","3","N5","true"
"v0124","靴","くつ","chaussures","nom/autre","3","N5","true"
"v0125","ネクタイ","ネクタイ","cravate","nom/autre","3","N5","true"
"v0126","ワイン","ワイン","vin","nom/autre","3","N5","true"
"v0127","売り場","うりば","rayon (dans un magasin)","nom/autre","3","N5","true"
"v0128","地下","ちか","sous-sol","nom/autre","3","N5","true"
"v0129","－階","－かい（－がい）","－ étage (Le 1er étage est ２かい en japonais.)","nom/autre","3","N5","true"
"v0130","何階","なんがい","quel étage","nom/autre","3","N5","true"
"v0131","－円","－えん","－ yen","nom/autre","3","N5","true"
"v0132","いくら","いくら","combien (cela coûte)","nom/autre","3","N5","true"
"v0133","百","ひゃく","cent","nom/autre","3","N5","true"
"v0134","千","せん","mille","nom/autre","3","N5","true"
"v0135","万","まん","dix mille","nom/autre","3","N5","true"
"v0136","すみません。","すみません。","Excusez-moi.","verbe","3","N5","true"
"v0137","どうも。","どうも。","Merci.","expression","3","N5","true"
"v0138","いらっしゃいませ。","いらっしゃいませ。","Bienvenue (salutation adressée au client qui entre dans un magasin).","expression","3","N5","true"
"v0139","見せて ください。","みせて ください。","Montrez-moi [～]. Est-ce que je peux voir [～]?","expression","3","N5","true"
"v0140","じゃ","じゃ","alors, eh bien","nom/autre","3","N5","true"
"v0141","ください。","ください。","Donnez-moi [～].","expression","3","N5","true"
"v0142","イタリア","イタリア","Italie","nom/autre","3","N5","true"
"v0143","スイス","スイス","Suisse","nom/autre","3","N5","true"
"v0144","フランス","フランス","France","nom/autre","3","N5","true"
"v0145","ジャカルタ","ジャカルタ","Jakarta","nom/autre","3","N5","true"
"v0146","バンコク","バンコク","Bangkok","nom/autre","3","N5","true"
"v0147","ベルリン","ベルリン","Berlin","nom/autre","3","N5","true"
"v0148","新大阪","しんおおさか","Shin-Osaka (nom d'une gare à Osaka)","nom/autre","3","N5","true"
"v0149","たばこ","たばこ","cigarette","nom/autre","3","N5","true"
"v0150","～で ございます。","～で ございます。","(forme polie de です)","expression","3","N5","true"
"v0152","起きます","おきます","se lever, se réveiller","verbe","4","N5","true"
"v0153","寝ます","ねます","dormir, se coucher","verbe","4","N5","true"
"v0154","働きます","はたらきます","travailler","verbe","4","N5","true"
"v0155","休みます","やすみます","se reposer, prendre un congé","verbe","4","N5","true"
"v0156","勉強します","べんきょうします","étudier","verbe","4","N5","true"
"v0157","終わります","おわります","se terminer, finir","verbe","4","N5","true"
"v0158","デパート","デパート","grand magasin","nom/autre","4","N5","true"
"v0159","銀行","ぎんこう","banque","nom/autre","4","N5","true"
"v0160","郵便局","ゆうびんきょく","bureau de poste","nom/autre","4","N5","true"
"v0161","図書館","としょかん","bibliothèque","nom/autre","4","N5","true"
"v0162","美術館","びじゅつかん","musée","nom/autre","4","N5","true"
"v0163","今","いま","maintenant","nom/autre","4","N5","true"
"v0164","－時","－じ","－ heure(s)","nom/autre","4","N5","true"
"v0165","－分","－ふん（－ぷん）","－ minute(s)","nom/autre","4","N5","true"
"v0166","半","はん","demie (30 minutes)","nom/autre","4","N5","true"
"v0167","何時","なんじ","quelle heure","nom/autre","4","N5","true"
"v0168","何分","なんぷん","combien de minutes","nom/autre","4","N5","true"
"v0169","午前","ごぜん","matin, du matin, matinée","nom/autre","4","N5","true"
"v0170","午後","ごご","après-midi","nom/autre","4","N5","true"
"v0171","朝","あさ","matin","nom/autre","4","N5","true"
"v0172","昼","ひる","midi, jour, journée","nom/autre","4","N5","true"
"v0173","晩（夜）","ばん（よる）","soir, nuit","nom/autre","4","N5","true"
"v0174","おととい","おととい","avant-hier","nom/autre","4","N5","true"
"v0175","きのう","きのう","hier","nom/autre","4","N5","true"
"v0176","きょう","きょう","aujourd'hui","nom/autre","4","N5","true"
"v0177","あした","あした","demain","nom/autre","4","N5","true"
"v0178","あさって","あさって","après-demain","nom/autre","4","N5","true"
"v0179","けさ","けさ","ce matin","nom/autre","4","N5","true"
"v0180","今晩","こんばん","ce soir","nom/autre","4","N5","true"
"v0181","休み","やすみ","repos, vacances, congé","nom/autre","4","N5","true"
"v0182","昼休み","ひるやすみ","pause de midi","nom/autre","4","N5","true"
"v0183","試験","しけん","examen","nom/autre","4","N5","true"
"v0184","会議","かいぎ","réunion (～を します : faire une réunion)","nom/autre","4","N5","true"
"v0185","映画","えいが","cinéma, film","nom/autre","4","N5","true"
"v0186","毎朝","まいあさ","tous les matins","nom/autre","4","N5","true"
"v0187","毎晩","まいばん","tous les soirs","nom/autre","4","N5","true"
"v0188","毎日","まいにち","tous les jours","nom/autre","4","N5","true"
"v0189","月曜日","げつようび","lundi","nom/autre","4","N5","true"
"v0190","火曜日","かようび","mardi","nom/autre","4","N5","true"
"v0191","水曜日","すいようび","mercredi","nom/autre","4","N5","true"
"v0192","木曜日","もくようび","jeudi","nom/autre","4","N5","true"
"v0193","金曜日","きんようび","vendredi","nom/autre","4","N5","true"
"v0194","土曜日","どようび","samedi","nom/autre","4","N5","true"
"v0195","日曜日","にちようび","dimanche","nom/autre","4","N5","true"
"v0196","何曜日","なんようび","quel jour de la semaine","nom/autre","4","N5","true"
"v0197","～から","～から","à partir de ～","nom/autre","4","N5","true"
"v0198","～まで","～まで","jusqu'à ～","nom/autre","4","N5","true"
"v0199","～と ～","～と ～","～ et ～ (utilisé pour relier deux ou plusieurs noms)","nom/autre","4","N5","true"
"v0200","大変ですね。","たいへんですね。","C'est dur (pour vous). (utilisé quand on exprime sa sympathie)","expression","4","N5","true"
"v0201","番号","ばんごう","numéro","nom/autre","4","N5","true"
"v0202","何番","なんばん","quel numéro","nom/autre","4","N5","true"
"v0203","そちら","そちら","là-bas, votre côté, vous","nom/autre","4","N5","true"
"v0204","ニューヨーク","ニューヨーク","New York","nom/autre","4","N5","true"
"v0205","ペキン","ペキン","Pékin (北京)","nom/autre","4","N5","true"
"v0206","ロサンゼルス","ロサンゼルス","Los Angeles","nom/autre","4","N5","true"
"v0207","ロンドン","ロンドン","Londres","nom/autre","4","N5","true"
"v0212","えーと","えーと","euh..., voyons","nom/autre","4","N5","true"
"v0214","お願いします。","おねがいします。","S'il vous plaît (lit. Je demande votre faveur.)","expression","4","N5","true"
"v0215","かしこまりました。","かしこまりました。","Certainement, (monsieur, madame, mademoiselle).","verbe","4","N5","true"
"v0216","お問い合わせの番号","おといあわせのばんごう","le numéro que vous demandez","nom/autre","4","N5","true"
"v0217","ありがとう ございました。","ありがとう ございました。","Merci beaucoup.","verbe","4","N5","true"
"v0218","バンコク","バンコク","Bangkok","nom/autre","4","N5","true"
"v0220","行きます","いきます","aller","verbe","5","N5","true"
"v0221","来ます","きます","venir","verbe","5","N5","true"
"v0222","帰ります","かえります","rentrer (chez soi), retourner","verbe","5","N5","true"
"v0223","学校","がっこう","école","nom/autre","5","N5","true"
"v0224","スーパー","スーパー","supermarché","nom/autre","5","N5","true"
"v0225","駅","えき","gare, station","nom/autre","5","N5","true"
"v0226","飛行機","ひこうき","avion","nom/autre","5","N5","true"
"v0227","船","ふね","bateau","nom/autre","5","N5","true"
"v0228","電車","でんしゃ","train","nom/autre","5","N5","true"
"v0229","地下鉄","ちかてつ","métro","nom/autre","5","N5","true"
"v0230","新幹線","しんかんせん","Shinkansen (TGV japonais)","nom/autre","5","N5","true"
"v0231","バス","バス","bus","nom/autre","5","N5","true"
"v0232","タクシー","タクシー","taxi","nom/autre","5","N5","true"
"v0233","自転車","じてんしゃ","bicyclette","nom/autre","5","N5","true"
"v0234","歩いて","あるいて","à pied","nom/autre","5","N5","true"
"v0235","人","ひと","personne, gens","nom/autre","5","N5","true"
"v0236","友達","ともだち","ami(e)","nom/autre","5","N5","true"
"v0237","彼","かれ","lui, il, petit ami","nom/autre","5","N5","true"
"v0238","彼女","かのじょ","elle, petite amie","nom/autre","5","N5","true"
"v0239","家族","かぞく","famille","nom/autre","5","N5","true"
"v0240","一人で","ひとりで","seul(e), par soi-même","nom/autre","5","N5","true"
"v0241","先週","せんしゅう","la semaine dernière","nom/autre","5","N5","true"
"v0242","今週","こんしゅう","cette semaine","nom/autre","5","N5","true"
"v0243","来週","らいしゅう","la semaine prochaine","nom/autre","5","N5","true"
"v0244","先月","せんげつ","le mois dernier","nom/autre","5","N5","true"
"v0245","今月","こんげつ","ce mois","nom/autre","5","N5","true"
"v0246","来月","らいげつ","le mois prochain","nom/autre","5","N5","true"
"v0247","去年","きょねん","l'année dernière","nom/autre","5","N5","true"
"v0248","ことし","ことし","cette année","nom/autre","5","N5","true"
"v0249","来年","らいねん","l'année prochaine","nom/autre","5","N5","true"
"v0250","－年","－ねん","(l'année)－","nom/autre","5","N5","true"
"v0251","何年","なんねん","quelle année","nom/autre","5","N5","true"
"v0252","－月","－がつ","(le mois de)－","nom/autre","5","N5","true"
"v0253","何月","なんがつ","quel mois","nom/autre","5","N5","true"
"v0254","１日","ついたち","le 1er du mois","nom/autre","5","N5","true"
"v0255","２日","ふつか","le 2 du mois, 2 jours","nom/autre","5","N5","true"
"v0256","３日","みっか","le 3 du mois, 3 jours","nom/autre","5","N5","true"
"v0257","４日","よっか","le 4 du mois, 4 jours","nom/autre","5","N5","true"
"v0258","５日","いつか","le 5 du mois, 5 jours","nom/autre","5","N5","true"
"v0259","６日","むいか","le 6 du mois, 6 jours","nom/autre","5","N5","true"
"v0260","７日","なのか","le 7 du mois, 7 jours","nom/autre","5","N5","true"
"v0261","８日","ようか","le 8 du mois, 8 jours","nom/autre","5","N5","true"
"v0262","９日","ここのか","le 9 du mois, 9 jours","nom/autre","5","N5","true"
"v0263","１０日","とおか","le 10 du mois, 10 jours","nom/autre","5","N5","true"
"v0264","１４日","じゅうよっか","le 14 du mois, 14 jours","nom/autre","5","N5","true"
"v0265","２０日","はつか","le 20 du mois, 20 jours","nom/autre","5","N5","true"
"v0266","２４日","にじゅうよっか","le 24 du mois, 24 jours","nom/autre","5","N5","true"
"v0267","－日","－にち","le － (du mois), － jour(s)","nom/autre","5","N5","true"
"v0268","何日","なんにち","quel jour du mois, combien de jours","nom/autre","5","N5","true"
"v0269","いつ","いつ","quand","nom/autre","5","N5","true"
"v0270","誕生日","たんじょうび","anniversaire","nom/autre","5","N5","true"
"v0271","そうですね。","そうですね。","C'est cela.","expression","5","N5","true"
"v0272","ありがとう ございました。","ありがとう ございました。","Merci [beaucoup].","verbe","5","N5","true"
"v0273","どう いたしまして。","どう いたしまして。","Je vous en prie./De rien.","expression","5","N5","true"
"v0274","－番線","－ばんせん","quai －, voie －","nom/autre","5","N5","true"
"v0275","次の","つぎの","prochain","nom/autre","5","N5","true"
"v0276","普通","ふつう","(train) omnibus","nom/autre","5","N5","true"
"v0277","急行","きゅうこう","(train) express","nom/autre","5","N5","true"
"v0278","特急","とっきゅう","(train) spécial express","nom/autre","5","N5","true"
"v0279","甲子園","こうしえん","Koshien (nom d'une ville près d'Osaka)","nom/autre","5","N5","true"
"v0280","大阪城","おおさかじょう","Osakajo, Château d'Osaka (château célèbre d'Osaka)","nom/autre","5","N5","true"
"v0281","博多","はかた","nom d'une ville à Kyushu","nom/autre","5","N5","true"
"v0282","伏見","ふしみ","nom d'un quartier à Kyoto","nom/autre","5","N5","true"
"v0283","食べます","たべます","manger","verbe","6","N5","true"
"v0284","飲みます","のみます","boire","verbe","6","N5","true"
"v0285","吸います","すいます","fumer [une cigarette]","verbe","6","N5","true"
"v0286","見ます","みます","regarder, voir","verbe","6","N5","true"
"v0287","聞きます","ききます","écouter","verbe","6","N5","true"
"v0288","読みます","よみます","lire","verbe","6","N5","true"
"v0289","書きます","かきます","écrire (かきます signifie également «dessiner» ou «peindre». Dans ce cas-là, ce mot est transcrit en hiragana dans ce livre.)","verbe","6","N5","true"
"v0290","買います","かいます","acheter","verbe","6","N5","true"
"v0291","撮ります","とります","prendre [une photo]","verbe","6","N5","true"
"v0292","します","します","faire","verbe","6","N5","true"
"v0293","会います","あいます","rencontrer, voir [un(e) ami(e)]","verbe","6","N5","true"
"v0294","ごはん","ごはん","repas, riz (cuit)","nom/autre","6","N5","true"
"v0295","朝ごはん","あさごはん","petit déjeuner","nom/autre","6","N5","true"
"v0296","昼ごはん","ひるごはん","déjeuner","nom/autre","6","N5","true"
"v0297","晩ごはん","ばんごはん","dîner","nom/autre","6","N5","true"
"v0298","パン","パン","pain","nom/autre","6","N5","true"
"v0299","卵","たまご","œuf","nom/autre","6","N5","true"
"v0300","肉","にく","viande","nom/autre","6","N5","true"
"v0301","魚","さかな","poisson","nom/autre","6","N5","true"
"v0302","野菜","やさい","légume","nom/autre","6","N5","true"
"v0303","果物","くだもの","fruit","nom/autre","6","N5","true"
"v0304","水","みず","eau","nom/autre","6","N5","true"
"v0305","お茶","おちゃ","thé, thé vert","nom/autre","6","N5","true"
"v0306","紅茶","こうちゃ","thé anglais","nom/autre","6","N5","true"
"v0307","牛乳（ミルク）","ぎゅうにゅう（ミルク）","lait","nom/autre","6","N5","true"
"v0308","ジュース","ジュース","jus (de fruit)","nom/autre","6","N5","true"
"v0309","ビール","ビール","bière","nom/autre","6","N5","true"
"v0310","酒","さけ","alcool, saké japonais (alcool de riz)","nom/autre","6","N5","true"
"v0311","たばこ","たばこ","cigarette","nom/autre","6","N5","true"
"v0312","手紙","てがみ","lettre","nom/autre","6","N5","true"
"v0313","レポート","レポート","rapport, compte-rendu","nom/autre","6","N5","true"
"v0314","写真","しゃしん","photo","nom/autre","6","N5","true"
"v0315","ビデオ","ビデオ","cassette-vidéo, magnétoscope","nom/autre","6","N5","true"
"v0316","店","みせ","magasin, boutique","nom/autre","6","N5","true"
"v0317","庭","にわ","jardin","nom/autre","6","N5","true"
"v0318","宿題","しゅくだい","devoir (～を します : faire ses devoirs)","nom/autre","6","N5","true"
"v0319","テニス","テニス","tennis (～を します : jouer au tennis)","nom/autre","6","N5","true"
"v0320","サッカー","サッカー","football (～を します : jouer au football)","nom/autre","6","N5","true"
"v0321","花見","はなみ","contemplation des fleurs de cerisiers (～を します : aller regarder les fleurs de cerisiers)","nom/autre","6","N5","true"
"v0322","何","なに","que, quoi","nom/autre","6","N5","true"
"v0323","いっしょに","いっしょに","ensemble","nom/autre","6","N5","true"
"v0324","ちょっと","ちょっと","un peu","nom/autre","6","N5","true"
"v0325","いつも","いつも","toujours, habituellement","nom/autre","6","N5","true"
"v0326","時々","ときどき","de temps en temps, parfois","nom/autre","6","N5","true"
"v0327","それから","それから","après cela, ensuite, puis","nom/autre","6","N5","true"
"v0328","ええ","ええ","oui","nom/autre","6","N5","true"
"v0329","いいですね。","いいですね。","Ce serait bien.","expression","6","N5","true"
"v0330","わかりました。","わかりました。","D'accord./Je vois.","verbe","6","N5","true"
"v0331","何ですか。","なんですか。","Oui?","expression","6","N5","true"
"v0332","じゃ、また。","じゃ、また。","Bon [à demain].","expression","6","N5","true"
"v0333","メキシコ","メキシコ","Mexique","nom/autre","6","N5","true"
"v0338","映画","えいが","film, cinéma","nom/autre","6","N5","true"
"v0339","CD","CD","CD, disque compact","nom/autre","6","N5","true"
"v0340","レストラン","レストラン","restaurant","nom/autre","6","N5","true"
"v0341","大阪城公園","おおさかじょうこうえん","Parc du château d'Osaka","nom/autre","6","N5","true"
"v0342","切ります","きります","couper, découper","verbe","7","N5","true"
"v0343","送ります","おくります","envoyer","verbe","7","N5","true"
"v0344","あげます","あげます","donner, offrir","verbe","7","N5","true"
"v0345","もらいます","もらいます","recevoir","verbe","7","N5","true"
"v0346","貸します","かします","prêter, louer","verbe","7","N5","true"
"v0347","借ります","かります","emprunter","verbe","7","N5","true"
"v0348","教えます","おしえます","enseigner, apprendre","verbe","7","N5","true"
"v0349","習います","ならいます","apprendre (par quelqu'un)","verbe","7","N5","true"
"v0350","かけます","かけます","passer [un coup de téléphone], téléphoner","verbe","7","N5","true"
"v0351","手","て","main","nom/autre","7","N5","true"
"v0352","はし","はし","baguettes (pour manger)","nom/autre","7","N5","true"
"v0353","スプーン","スプーン","cuillère","nom/autre","7","N5","true"
"v0354","ナイフ","ナイフ","couteau","nom/autre","7","N5","true"
"v0355","フォーク","フォーク","fourchette","nom/autre","7","N5","true"
"v0356","はさみ","はさみ","ciseaux","nom/autre","7","N5","true"
"v0357","パソコン","パソコン","ordinateur personnel","nom/autre","7","N5","true"
"v0358","ケータイ","ケータイ","téléphone portable","nom/autre","7","N5","true"
"v0359","メール","メール","mail, courriel électronique","nom/autre","7","N5","true"
"v0360","年賀状","ねんがじょう","carte de vœux du Nouvel An","nom/autre","7","N5","true"
"v0361","パンチ","パンチ","perforeuse","nom/autre","7","N5","true"
"v0362","ホッチキス","ホッチキス","agrafeuse","nom/autre","7","N5","true"
"v0363","セロテープ","セロテープ","ruban adhésif, scotch","nom/autre","7","N5","true"
"v0364","消しゴム","けしゴム","gomme à effacer","nom/autre","7","N5","true"
"v0365","紙","かみ","feuille, papier","nom/autre","7","N5","true"
"v0366","花","はな","fleur","nom/autre","7","N5","true"
"v0367","シャツ","シャツ","chemise","nom/autre","7","N5","true"
"v0368","プレゼント","プレゼント","cadeau","nom/autre","7","N5","true"
"v0369","荷物","にもつ","bagage","nom/autre","7","N5","true"
"v0370","お金","おかね","argent","nom/autre","7","N5","true"
"v0371","切符","きっぷ","billet, ticket","nom/autre","7","N5","true"
"v0372","クリスマス","クリスマス","Noël","nom/autre","7","N5","true"
"v0373","父","ちち","père, mon père","nom/autre","7","N5","true"
"v0374","母","はは","mère, ma mère","nom/autre","7","N5","true"
"v0375","お父さん","おとうさん","père (Le père de quelqu'un d'autre. S'emploie aussi pour appeler son propre père.)","nom/autre","7","N5","true"
"v0376","お母さん","おかあさん","mère (La mère de quelqu'un d'autre. S'emploie aussi pour appeler sa propre mère.)","nom/autre","7","N5","true"
"v0377","もう","もう","déjà","nom/autre","7","N5","true"
"v0378","まだ","まだ","pas encore","nom/autre","7","N5","true"
"v0379","これから","これから","maintenant, dès maintenant","nom/autre","7","N5","true"
"v0380","すてきですね。","すてきですね。","[～] est très joli!","expression","7","N5","true"
"v0381","いらっしゃい。","いらっしゃい。","Bonjour. (litt. Bienvenue)","expression","7","N5","true"
"v0382","どうぞ お上がり ください。","どうぞ おあがり ください。","Entrez, je vous en prie.","expression","7","N5","true"
"v0383","失礼します。","しつれいします。","Excusez-moi pour le dérangement. (litt. Je vais vous déranger.)","expression","7","N5","true"
"v0384","いかがですか。","いかがですか。","Que diriez-vous de [～]? (S'emploie quand on offre quelque chose.)","expression","7","N5","true"
"v0385","いただきます。","いただきます。","Merci, je vais en prendre. (litt. Je vais en prendre humblement. Prononcé avant de manger ou de boire.)","expression","7","N5","true"
"v0386","ごちそうさま。","ごちそうさま。","Merci pour le repas. (litt. C'était un régal. Prononcé après avoir mangé ou bu.)","expression","7","N5","true"
"v0387","スペイン","スペイン","Espagne","nom/autre","7","N5","true"
"v0388","ファクス","ファクス","télécopie, fax","nom/autre","7","N5","true"
"v0389","ワープロ","ワープロ","appareil à traitement de texte","nom/autre","7","N5","true"
"v0390","ごめんください。","ごめんください。","Bonjour./Excusez-moi./Y a-t-il quelqu'un? (expression utilisée par un visiteur)","expression","7","N5","true"
"v0391","旅行","りょこう","voyage (～を します : faire un voyage, voyager)","nom/autre","7","N5","true"
"v0392","お土産","おみやげ","souvenir, cadeau","nom/autre","7","N5","true"
"v0393","ヨーロッパ","ヨーロッパ","Europe","nom/autre","7","N5","true"
"v0394","ハンサム","ハンサム","beau (garçon), bel (homme)","adjectif-na","8","N5","true"
"v0395","きれい","きれい","joli, propre","adjectif-na","8","N5","true"
"v0396","静か","しずか","calme, tranquille","adjectif-na","8","N5","true"
"v0397","にぎやか","にぎやか","animé, fréquenté, gai","adjectif-na","8","N5","true"
"v0398","有名","ゆうめい","célèbre, fameux","adjectif-na","8","N5","true"
"v0399","親切","しんせつ","gentil, aimable (ne s'emploie pas pour qualifier un membre de sa famille)","adjectif-na","8","N5","true"
"v0400","元気","げんき","en forme, vif, énergique","adjectif-na","8","N5","true"
"v0401","暇","ひま","libre (avoir du temps)","adjectif-na","8","N5","true"
"v0402","便利","べんり","pratique, commode","adjectif-na","8","N5","true"
"v0403","すてき","すてき","joli, chouette, magnifique","adjectif-na","8","N5","true"
"v0404","大きい","おおきい","grand","adjectif-i","8","N5","true"
"v0405","小さい","ちいさい","petit","adjectif-i","8","N5","true"
"v0406","新しい","あたらしい","nouveau, neuf, frais","adjectif-i","8","N5","true"
"v0407","古い","ふるい","vieux, ancien (ne s'emploie pas pour l'âge d'une personne)","adjectif-i","8","N5","true"
"v0408","いい（よい）","いい（よい）","bon","adjectif-i","8","N5","true"
"v0409","悪い","わるい","mauvais","adjectif-i","8","N5","true"
"v0410","暑い、熱い","あつい","chaud","adjectif-i","8","N5","true"
"v0411","寒い","さむい","froid (le temps « il fait froid »)","adjectif-i","8","N5","true"
"v0412","冷たい","つめたい","froid (la sensation éprouvée au contact d'un objet)","adjectif-i","8","N5","true"
"v0413","難しい","むずかしい","difficile","adjectif-i","8","N5","true"
"v0414","易しい","やさしい","facile, simple","adjectif-i","8","N5","true"
"v0415","高い","たかい","haut, élevé, cher, coûteux","adjectif-i","8","N5","true"
"v0416","安い","やすい","bon marché, pas cher","adjectif-i","8","N5","true"
"v0417","低い","ひくい","bas","adjectif-i","8","N5","true"
"v0418","おもしろい","おもしろい","intéressant","adjectif-i","8","N5","true"
"v0419","おいしい","おいしい","délicieux","adjectif-i","8","N5","true"
"v0420","忙しい","いそがしい","occupé, pris","adjectif-i","8","N5","true"
"v0421","楽しい","たのしい","agréable (comme activité)","adjectif-i","8","N5","true"
"v0422","白い","しろい","blanc","adjectif-i","8","N5","true"
"v0423","黒い","くろい","noir","adjectif-i","8","N5","true"
"v0424","赤い","あかい","rouge","adjectif-i","8","N5","true"
"v0425","青い","あおい","bleu","adjectif-i","8","N5","true"
"v0426","桜","さくら","cerisier, fleur de cerisier","nom/autre","8","N5","true"
"v0427","山","やま","montagne","nom/autre","8","N5","true"
"v0428","町","まち","ville, bourg, quartier","nom/autre","8","N5","true"
"v0429","食べ物","たべもの","nourriture, aliment","nom/autre","8","N5","true"
"v0430","所","ところ","endroit","nom/autre","8","N5","true"
"v0431","寮","りょう","résidence, pension, internat","nom/autre","8","N5","true"
"v0432","レストラン","レストラン","restaurant","nom/autre","8","N5","true"
"v0433","生活","せいかつ","vie (quotidienne)","nom/autre","8","N5","true"
"v0434","仕事","しごと","travail, métier (～を します : travailler)","nom/autre","8","N5","true"
"v0435","どう","どう","comment","nom/autre","8","N5","true"
"v0436","どんな ～","どんな ～","quel, quel genre de ～","nom/autre","8","N5","true"
"v0437","とても","とても","très","nom/autre","8","N5","true"
"v0438","あまり","あまり","pas très (utilisé avec la forme négative)","nom/autre","8","N5","true"
"v0439","そして","そして","Et (utilisé pour relier les phrases)","nom/autre","8","N5","true"
"v0440","～が、～","～が、～","～, mais ～","nom/autre","8","N5","true"
"v0441","お元気ですか。","おげんきですか。","Comment allez-vous?","expression","8","N5","true"
"v0442","そうですね。","そうですね。","Eh bien…/Voyons…/Euh","expression","8","N5","true"
"v0443","もう 一杯 いかがですか。","もう いっぱい いかがですか。","Voulez-vous prendre un(e) autre [～]?","expression","8","N5","true"
"v0444","けっこうです。","けっこうです。","Non merci.","expression","8","N5","true"
"v0445","もう ～です。","もう ～です。","C'est déjà～, [n'est-ce pas?]","expression","8","N5","true"
"v0446","そろそろ 失礼します。","そろそろ しつれいします。","Je vais bientôt partir.","expression","8","N5","true"
"v0447","いいえ。","いいえ。","Je vous en prie./De rien.","expression","8","N5","true"
"v0448","また いらっしゃって ください。","また いらっしゃって ください。","Revenez nous voir.","expression","8","N5","true"
"v0449","シャンハイ","シャンハイ","Shanghai (上海)","nom/autre","8","N5","true"
"v0450","金閣寺","きんかくじ","Temple Kinkakuji (Pavillon d'or)","nom/autre","8","N5","true"
"v0451","奈良公園","ならこうえん","Parc Nara","nom/autre","8","N5","true"
"v0452","富士山","ふじさん","mont Fuji (la plus haute montagne du Japon)","nom/autre","8","N5","true"
"v0453","「七人の 侍」","「しちにんの さむらい」","« Les sept Samouraïs », film ancien d'Akira Kurosawa","nom/autre","8","N5","true"
"v0454","車","くるま","voiture, véhicule","nom/autre","8","N5","true"
"v0455","勉強","べんきょう","étude, leçon","nom/autre","8","N5","true"
"v0456","どれ","どれ","lequel (parmi trois ou plus)","nom/autre","8","N5","true"
"v0457","日本の 生活に 慣れましたか。","にほんの せいかつに なれましたか。","Êtes-vous déjà habitué à la vie au Japon?","verbe","8","N5","true"
"v0458","琵琶湖","びわこ","Lac Biwa, le plus grand lac du Japon","nom/autre","8","N5","true"
"v0459","わかります","わかります","comprendre","verbe","9","N5","true"
"v0460","あります","あります","avoir","verbe","9","N5","true"
"v0461","好き","すき","aimé, favori","adjectif-na","9","N5","true"
"v0462","嫌い","きらい","détesté","adjectif-na","9","N5","true"
"v0463","上手","じょうず","habile","adjectif-na","9","N5","true"
"v0464","下手","へた","maladroit","adjectif-na","9","N5","true"
"v0465","飲み物","のみもの","boisson","nom/autre","9","N5","true"
"v0466","料理","りょうり","cuisine (～を します : faire la cuisine)","nom/autre","9","N5","true"
"v0467","スポーツ","スポーツ","sport (～を します : faire du sport)","nom/autre","9","N5","true"
"v0468","野球","やきゅう","baseball (～を します : jouer au baseball)","nom/autre","9","N5","true"
"v0469","ダンス","ダンス","danse (～を します : danser)","nom/autre","9","N5","true"
"v0470","旅行","りょこう","voyage (～します : faire un voyage)","nom/autre","9","N5","true"
"v0471","音楽","おんがく","musique","nom/autre","9","N5","true"
"v0472","歌","うた","chanson","nom/autre","9","N5","true"
"v0473","クラシック","クラシック","classique","nom/autre","9","N5","true"
"v0474","ジャズ","ジャズ","jazz","nom/autre","9","N5","true"
"v0475","コンサート","コンサート","concert","nom/autre","9","N5","true"
"v0476","カラオケ","カラオケ","karaoke","nom/autre","9","N5","true"
"v0477","歌舞伎","かぶき","kabuki (un des théâtres traditionnels japonais)","nom/autre","9","N5","true"
"v0478","絵","え","peinture, dessin","nom/autre","9","N5","true"
"v0479","字","じ","lettre, caractère","nom/autre","9","N5","true"
"v0480","漢字","かんじ","caractère chinois","nom/autre","9","N5","true"
"v0481","ひらがな","ひらがな","hiragana","nom/autre","9","N5","true"
"v0482","かたかな","かたかな","katakana","nom/autre","9","N5","true"
"v0483","ローマ字","ローマじ","transcription romanisée","nom/autre","9","N5","true"
"v0484","細かい お金","こまかい おかね","petite monnaie","nom/autre","9","N5","true"
"v0485","チケット","チケット","billet, ticket","nom/autre","9","N5","true"
"v0486","時間","じかん","temps, heure","nom/autre","9","N5","true"
"v0487","用事","ようじ","quelque chose à faire","nom/autre","9","N5","true"
"v0488","約束","やくそく","rendez-vous, promesse (～します : faire la promesse)","nom/autre","9","N5","true"
"v0489","アルバイト","アルバイト","travail à temps partiel (～を します : faire un travail à temps partiel)","nom/autre","9","N5","true"
"v0490","ご主人","ごしゅじん","mari (de quelqu'un d'autre)","nom/autre","9","N5","true"
"v0491","夫／主人","おっと／しゅじん","(mon) mari","nom/autre","9","N5","true"
"v0492","奥さん","おくさん","femme (de quelqu'un d'autre)","nom/autre","9","N5","true"
"v0493","妻／家内","つま／かない","(ma) femme","nom/autre","9","N5","true"
"v0494","子ども","こども","enfant","nom/autre","9","N5","true"
"v0495","よく","よく","bien","nom/autre","9","N5","true"
"v0496","だいたい","だいたい","à peu près, presque","nom/autre","9","N5","true"
"v0497","たくさん","たくさん","beaucoup","nom/autre","9","N5","true"
"v0498","少し","すこし","un peu","nom/autre","9","N5","true"
"v0499","全然","ぜんぜん","pas du tout (s'emploie avec le négatif)","nom/autre","9","N5","true"
"v0500","早く、速く","はやく","tôt, vite","nom/autre","9","N5","true"
"v0501","～から","～から","comme～","nom/autre","9","N5","true"
"v0502","どうして","どうして","Pourquoi","nom/autre","9","N5","true"
"v0503","貸して ください。","かして ください。","Prêtez(-le)-moi.","expression","9","N5","true"
"v0504","いいですよ。","いいですよ。","Oui. Je vous en prie.","expression","9","N5","true"
"v0505","残念です","ざんねんです","C'est dommage.","nom/autre","9","N5","true"
"v0506","ああ","ああ","Ah","nom/autre","9","N5","true"
"v0507","いっしょに いかがですか。","いっしょに いかがですか。","Ne voudriez-vous pas qu'on fasse (quelque chose) ensemble?","expression","9","N5","true"
"v0508","ちょっと……。","ちょっと……。","[～], c'est un peu difficile... (euphémisme pour décliner une invitation)","expression","9","N5","true"
"v0509","だめですか。","だめですか。","Vous ne pouvez pas...?","expression","9","N5","true"
"v0510","また 今度 お願いします。","また こんど おねがいします。","N'hésitez pas à m'inviter une prochaine fois (s'emploie lorsque l'on décline une invitation indirectement, en prenant en considération le sentiment de celui qui l'a invité)","expression","9","N5","true"
"v0511","残念です。","ざんねんです。","C'est dommage./Je regrette./Je suis désolé.","expression","9","N5","true"
"v0512","すみません。","すみません。","Excusez-moi./Pardon, je vous prie de m'excuser.","verbe","9","N5","true"
"v0513","もしもし","もしもし","allo (utilisé pour parler au téléphone)","nom/autre","9","N5","true"
"v0514","小沢征爾","おざわせいじ","chef d'orchestre japonais célèbre (1935-)","nom/autre","9","N5","true"
"v0515","あります","あります","il y a, exister, se trouver (s'emploie sur ce qui n'est pas animé, qui est immobile)","verbe","10","N5","true"
"v0516","います","います","il y a, exister, se trouver (s'emploie sur ce qui est animé, qui bouge)","verbe","10","N5","true"
"v0517","いろいろ","いろいろ","divers, varié","adjectif-na","10","N5","true"
"v0518","男の 人","おとこの ひと","homme","nom/autre","10","N5","true"
"v0519","女の 人","おんなの ひと","femme","nom/autre","10","N5","true"
"v0520","男の 子","おとこの こ","garçon","nom/autre","10","N5","true"
"v0521","女の 子","おんなの こ","fille","nom/autre","10","N5","true"
"v0522","犬","いぬ","chien","nom/autre","10","N5","true"
"v0523","猫","ねこ","chat","nom/autre","10","N5","true"
"v0524","パンダ","パンダ","panda","nom/autre","10","N5","true"
"v0525","象","ぞう","éléphant","nom/autre","10","N5","true"
"v0526","木","き","arbre","nom/autre","10","N5","true"
"v0527","物","もの","chose","nom/autre","10","N5","true"
"v0528","電池","でんち","pile","nom/autre","10","N5","true"
"v0529","箱","はこ","boîte","nom/autre","10","N5","true"
"v0530","スイッチ","スイッチ","interrupteur","nom/autre","10","N5","true"
"v0531","冷蔵庫","れいぞうこ","réfrigérateur","nom/autre","10","N5","true"
"v0532","テーブル","テーブル","table","nom/autre","10","N5","true"
"v0533","ベッド","ベッド","lit","nom/autre","10","N5","true"
"v0534","棚","たな","étagère","nom/autre","10","N5","true"
"v0535","ドア","ドア","porte","nom/autre","10","N5","true"
"v0536","窓","まど","fenêtre","nom/autre","10","N5","true"
"v0537","ポスト","ポスト","boîte à lettres","nom/autre","10","N5","true"
"v0538","ビル","ビル","immeuble","nom/autre","10","N5","true"
"v0539","ATM","ATM","distributeur de billet","nom/autre","10","N5","true"
"v0540","コンビニ","コンビニ","supérette souvent ouvert 7j/7, 24h/24","nom/autre","10","N5","true"
"v0541","公園","こうえん","parc","nom/autre","10","N5","true"
"v0542","喫茶店","きっさてん","café, salon de thé","nom/autre","10","N5","true"
"v0543","～屋","～や","magasin de ～","nom/autre","10","N5","true"
"v0544","乗り場","のりば","arrêt, emplacement pour prendre le taxi, le bus, etc.","nom/autre","10","N5","true"
"v0545","県","けん","préfecture","nom/autre","10","N5","true"
"v0546","上","うえ","dessus, sur, en haut","nom/autre","10","N5","true"
"v0547","下","した","dessous, sous, en bas","nom/autre","10","N5","true"
"v0548","前","まえ","devant, en face","nom/autre","10","N5","true"
"v0549","うしろ","うしろ","derrière, arrière","nom/autre","10","N5","true"
"v0550","右","みぎ","droite","nom/autre","10","N5","true"
"v0551","左","ひだり","gauche","nom/autre","10","N5","true"
"v0552","中","なか","intérieur, dedans, dans","nom/autre","10","N5","true"
"v0553","外","そと","extérieur, dehors","nom/autre","10","N5","true"
"v0554","隣","となり","à côté, voisin","nom/autre","10","N5","true"
"v0555","近く","ちかく","proximité, près","nom/autre","10","N5","true"
"v0556","間","あいだ","entre, parmi","nom/autre","10","N5","true"
"v0557","～や ～","～や ～","～ et ～[entre autres]","nom/autre","10","N5","true"
"v0558","すみません。","すみません。","Merci [beaucoup].","verbe","10","N5","true"
"v0559","ナンプラー","ナンプラー","nam pla (sauce de poisson thaïlandaise)","nom/autre","10","N5","true"
"v0560","コーナー","コーナー","rayon","nom/autre","10","N5","true"
"v0561","いちばん 下","いちばん した","en bas","nom/autre","10","N5","true"
"v0562","東京 ディズニーランド","とうきょう ディズニーランド","Disneyland Tokyo","nom/autre","10","N5","true"
"v0564","フィルム","フィルム","pellicule","nom/autre","10","N5","true"
"v0565","本屋","ほんや","librairie","nom/autre","10","N5","true"
"v0566","いちばん ～","いちばん ～","le plus ～ (いちばん うえ : le plus haut)","nom/autre","10","N5","true"
"v0567","－段目","－だんめ","la-ère étagère (だん auxiliaire numéral pour compter l'étagère)","nom/autre","10","N5","true"
"v0568","チリソース","チリソース","sauce chili","nom/autre","10","N5","true"
"v0569","奥","おく","fond, intérieur","nom/autre","10","N5","true"
"v0570","スパイス・コーナー","スパイス・コーナー","rayon épices","nom/autre","10","N5","true"
"v0572","います","います","avoir [un enfant]","verbe","11","N5","true"
"v0573","います","います","être, rester [au Japon]","verbe","11","N5","true"
"v0574","かかります","かかります","Il faut, cela prend (s'emploie pour le temps et l'argent)","verbe","11","N5","true"
"v0575","休みます","やすみます","s'absenter [du travail]","verbe","11","N5","true"
"v0576","１つ","ひとつ","un (utilisé lorsqu'on compte les objets)","nom/autre","11","N5","true"
"v0577","２つ","ふたつ","deux","nom/autre","11","N5","true"
"v0578","３つ","みっつ","trois","nom/autre","11","N5","true"
"v0579","４つ","よっつ","quatre","nom/autre","11","N5","true"
"v0580","５つ","いつつ","cinq","nom/autre","11","N5","true"
"v0581","６つ","むっつ","six","nom/autre","11","N5","true"
"v0582","７つ","ななつ","sept","nom/autre","11","N5","true"
"v0583","８つ","やっつ","huit","nom/autre","11","N5","true"
"v0584","９つ","ここのつ","neuf","nom/autre","11","N5","true"
"v0585","１０","とお","dix","nom/autre","11","N5","true"
"v0586","いくつ","いくつ","combien","nom/autre","11","N5","true"
"v0587","１人","ひとり","une personne","nom/autre","11","N5","true"
"v0588","２人","ふたり","deux personnes","nom/autre","11","N5","true"
"v0589","－人","－にん","－ personne(s)","nom/autre","11","N5","true"
"v0590","－台","－だい","(auxiliaire numéral pour compter les machines et les voitures, etc.)","nom/autre","11","N5","true"
"v0591","－枚","－まい","(auxiliaire numéral pour compter les papiers, timbres, etc.)","nom/autre","11","N5","true"
"v0592","－回","－かい","－ fois","nom/autre","11","N5","true"
"v0593","りんご","りんご","pomme","nom/autre","11","N5","true"
"v0594","みかん","みかん","mandarine","nom/autre","11","N5","true"
"v0595","サンドイッチ","サンドイッチ","sandwich","nom/autre","11","N5","true"
"v0596","カレー","カレー","[riz au] curry","nom/autre","11","N5","true"
"v0597","アイスクリーム","アイスクリーム","glace","nom/autre","11","N5","true"
"v0598","切手","きって","timbre","nom/autre","11","N5","true"
"v0599","はがき","はがき","carte postale","nom/autre","11","N5","true"
"v0600","封筒","ふうとう","enveloppe","nom/autre","11","N5","true"
"v0601","両親","りょうしん","parents","nom/autre","11","N5","true"
"v0602","兄弟","きょうだい","frères et sœurs","nom/autre","11","N5","true"
"v0603","兄","あに","(mon) grand frère","nom/autre","11","N5","true"
"v0604","お兄さん","おにいさん","grand frère (de quelqu'un d'autre)","nom/autre","11","N5","true"
"v0605","姉","あね","(ma) grande sœur","nom/autre","11","N5","true"
"v0606","お姉さん","おねえさん","grande sœur (de quelqu'un d'autre)","nom/autre","11","N5","true"
"v0607","弟","おとうと","(mon) petit frère","nom/autre","11","N5","true"
"v0608","弟さん","おとうとさん","petit frère (de quelqu'un d'autre)","nom/autre","11","N5","true"
"v0609","妹","いもうと","(ma) petite sœur","nom/autre","11","N5","true"
"v0610","妹さん","いもうとさん","petite sœur (de quelqu'un d'autre)","nom/autre","11","N5","true"
"v0611","外国","がいこく","pays étranger","nom/autre","11","N5","true"
"v0612","留学生","りゅうがくせい","étudiant étranger","nom/autre","11","N5","true"
"v0613","クラス","クラス","classe","nom/autre","11","N5","true"
"v0614","－時間","－じかん","－ heure(s)","nom/autre","11","N5","true"
"v0615","－週間","－しゅうかん","－ semaine(s)","nom/autre","11","N5","true"
"v0616","－か月","－かげつ","－ mois","nom/autre","11","N5","true"
"v0617","－年","－ねん","－ an(s)","nom/autre","11","N5","true"
"v0618","～ぐらい","～ぐらい","environ ～","nom/autre","11","N5","true"
"v0619","どのくらい","どのくらい","combien","nom/autre","11","N5","true"
"v0620","全部で","ぜんぶで","en tout","nom/autre","11","N5","true"
"v0621","みんな","みんな","tout, tous","nom/autre","11","N5","true"
"v0622","～だけ","～だけ","seulement ～","nom/autre","11","N5","true"
"v0623","かしこまりました。","かしこまりました。","À votre service.","verbe","11","N5","true"
"v0624","いい天気ですね。","いいてんきですね。","Il fait beau, n'est-ce pas?","expression","11","N5","true"
"v0625","お出かけですか。","おでかけですか。","Vous sortez?","expression","11","N5","true"
"v0626","ちょっと ～まで。","ちょっと ～まで。","Je vais juste à ～.","expression","11","N5","true"
"v0627","行ってらっしゃい。","いってらっしゃい。","Bonne journée et à tout à l'heure. (litt. Partez et revenez.)","expression","11","N5","true"
"v0628","行って きます。","いって きます。","À tout à l'heure. (litt. Je reviens.)","expression","11","N5","true"
"v0629","船便","ふなびん","par bateau","nom/autre","11","N5","true"
"v0630","航空便（エアメール）","こうくうびん（エアメール）","par avion","nom/autre","11","N5","true"
"v0631","お願いします。","おねがいします。","S'il vous plaît.","expression","11","N5","true"
"v0632","オーストラリア","オーストラリア","Australie","nom/autre","11","N5","true"
"v0633","速達","そくたつ","exprès","nom/autre","11","N5","true"
"v0634","書留","かきとめ","recommandé","nom/autre","11","N5","true"
"v0635","いらっしゃいませ。","いらっしゃいませ。","Entrez, bienvenue. (salutation dite aux clients qui entrent dans un magasin, etc.)","expression","11","N5","true"
"v0636","行って まいります。","いって まいります。","À toute à l'heure. (lit. Je vais et reviens.)","expression","11","N5","true"
"v0637","それから","それから","et puis, ensuite, après cela","nom/autre","11","N5","true"
"v0638","簡単","かんたん","facile, simple","adjectif-na","12","N5","true"
"v0639","近い","ちかい","proche","adjectif-i","12","N5","true"
"v0640","遠い","とおい","loin","adjectif-i","12","N5","true"
"v0641","速い、早い","はやい","tôt, rapide","adjectif-i","12","N5","true"
"v0642","遅い","おそい","tard, lent","adjectif-i","12","N5","true"
"v0643","多い","おおい","beaucoup de [monde], nombreux","adjectif-i","12","N5","true"
"v0644","少ない","すくない","peu de [monde], peu nombreux","adjectif-i","12","N5","true"
"v0645","暖かい、温かい","あたたかい","il fait doux, chaud, tiède","adjectif-i","12","N5","true"
"v0646","涼しい","すずしい","il fait frais","adjectif-i","12","N5","true"
"v0647","甘い","あまい","sucré, doux","adjectif-i","12","N5","true"
"v0648","辛い","からい","piquant, salé","adjectif-i","12","N5","true"
"v0649","重い","おもい","lourd","adjectif-i","12","N5","true"
"v0650","軽い","かるい","léger","adjectif-i","12","N5","true"
"v0651","いい","いい","préférer [le café]","adjectif-i","12","N5","true"
"v0652","季節","きせつ","saison","nom/autre","12","N5","true"
"v0653","春","はる","printemps","nom/autre","12","N5","true"
"v0654","夏","なつ","été","nom/autre","12","N5","true"
"v0655","秋","あき","automne","nom/autre","12","N5","true"
"v0656","冬","ふゆ","hiver","nom/autre","12","N5","true"
"v0657","天気","てんき","temps","nom/autre","12","N5","true"
"v0658","雨","あめ","pluie","nom/autre","12","N5","true"
"v0659","雪","ゆき","neige","nom/autre","12","N5","true"
"v0660","曇り","くもり","nuageux","nom/autre","12","N5","true"
"v0661","ホテル","ホテル","hôtel","nom/autre","12","N5","true"
"v0662","空港","くうこう","aéroport","nom/autre","12","N5","true"
"v0663","海","うみ","mer","nom/autre","12","N5","true"
"v0664","世界","せかい","monde","adjectif-i","12","N5","true"
"v0665","パーティー","パーティー","réception, soirée, fête, pot (～を します : organiser une soirée)","nom/autre","12","N5","true"
"v0666","祭り","まつり","fête, fête populaire, festival","nom/autre","12","N5","true"
"v0667","すき焼き","すきやき","sukiyaki (plat de bœuf et de légumes cuits dans une casserole)","nom/autre","12","N5","true"
"v0668","刺身","さしみ","sashimi (poisson cru tranché finement)","nom/autre","12","N5","true"
"v0669","すし","すし","sushi (riz vinaigré avec le poisson cru dessus)","nom/autre","12","N5","true"
"v0670","てんぷら","てんぷら","tempura (beignets légers de fruit de mer et de légumes)","nom/autre","12","N5","true"
"v0671","豚肉","ぶたにく","porc","nom/autre","12","N5","true"
"v0672","とり肉","とりにく","poulet","nom/autre","12","N5","true"
"v0673","牛肉","ぎゅうにく","bœuf","nom/autre","12","N5","true"
"v0674","レモン","レモン","citron","nom/autre","12","N5","true"
"v0675","生け花","いけばな","arrangement floral (～を します : faire de l'arrangement floral)","nom/autre","12","N5","true"
"v0676","紅葉","もみじ","érable, feuille rouge d'automne","nom/autre","12","N5","true"
"v0677","どちら","どちら","lequel (des deux)","nom/autre","12","N5","true"
"v0678","どちらも","どちらも","les deux, l'un comme l'autre","nom/autre","12","N5","true"
"v0679","いちばん","いちばん","le plus","nom/autre","12","N5","true"
"v0680","ずっと","ずっと","beaucoup","nom/autre","12","N5","true"
"v0681","初めて","はじめて","pour la première fois","nom/autre","12","N5","true"
"v0682","ただいま。","ただいま。","Bonjour. (litt. Je suis de retour.)","expression","12","N5","true"
"v0683","お帰りなさい。","おかえりなさい。","Bonjour. (litt. Te voilà de retour.)","expression","12","N5","true"
"v0684","わあ、すごい 人ですね。","わあ、すごい ひとですね。","Hum, il y a énormément de monde!","expression","12","N5","true"
"v0685","疲れました。","つかれました。","Je suis fatigué.","verbe","12","N5","true"
"v0686","祇園祭","ぎおんまつり","la fête de Gion (la fête la plus célèbre de Kyoto)","nom/autre","12","N5","true"
"v0687","香港","ホンコン","Hong Kong (香港)","nom/autre","12","N5","true"
"v0688","シンガポール","シンガポール","Singapour","nom/autre","12","N5","true"
"v0691","試験","しけん","examen","nom/autre","12","N5","true"
"v0692","すごいですね。","すごいですね。","C'est formidable./C'est sensationnel./C'est épatant.","expression","12","N5","true"
"v0693","でも","でも","mais","nom/autre","12","N5","true"
"v0695","遊びます","あそびます","s'amuser, jouer","verbe","13","N5","true"
"v0696","泳ぎます","およぎます","nager","verbe","13","N5","true"
"v0697","迎えます","むかえます","accueillir, aller chercher (quelqu'un)","verbe","13","N5","true"
"v0698","疲れます","つかれます","se fatiguer (lorsqu'on exprime l'état de fatigue, on emploie la た -forme comme つかれました)","verbe","13","N5","true"
"v0699","結婚します","けっこんします","se marier","verbe","13","N5","true"
"v0700","買い物します","かいものします","faire des courses","verbe","13","N5","true"
"v0701","食事します","しょくじします","prendre un repas","verbe","13","N5","true"
"v0702","散歩します","さんぽします","se promener [dans un parc]","verbe","13","N5","true"
"v0703","大変","たいへん","dur, pénible, difficile","adjectif-na","13","N5","true"
"v0704","欲しい","ほしい","vouloir (quelque chose)","nom/autre","13","N5","true"
"v0705","広い","ひろい","spacieux, large","nom/autre","13","N5","true"
"v0706","狭い","せまい","exigu, étroit","nom/autre","13","N5","true"
"v0707","プール","プール","piscine","nom/autre","13","N5","true"
"v0708","川","かわ","rivière, fleuve","nom/autre","13","N5","true"
"v0709","美術","びじゅつ","beaux-arts","nom/autre","13","N5","true"
"v0710","釣り","つり","pêche (～を します : pêcher)","nom/autre","13","N5","true"
"v0711","スキー","スキー","ski (～を します : faire du ski)","nom/autre","13","N5","true"
"v0712","週末","しゅうまつ","week-end","nom/autre","13","N5","true"
"v0713","正月","しょうがつ","le nouvel an","nom/autre","13","N5","true"
"v0714","～ごろ","～ごろ","vers ～ (moment)","nom/autre","13","N5","true"
"v0715","何か","なにか","quelque chose","nom/autre","13","N5","true"
"v0716","どこか","どこか","quelque part","nom/autre","13","N5","true"
"v0717","のどが かわきます","のどが かわきます","avoir soif (lorsqu'on exprime le fait d'avoir soif, on emploie la た -forme comme のどが かわきました)","verbe","13","N5","true"
"v0718","おなかが すきます","おなかが すきます","avoir faim (lorsqu'on exprime le fait d'avoir faim, la た -forme est utilisée comme おなかが すきました)","verbe","13","N5","true"
"v0719","そう しましょう。","そう しましょう。","Faisons comme ça. (utilisé lorsqu'on approuve la suggestion de quelqu'un d'autre)","expression","13","N5","true"
"v0720","ご注文は？","ごちゅうもんは？","Puis-je prendre votre commande?","expression","13","N5","true"
"v0721","定食","ていしょく","plat de menu, formule","nom/autre","13","N5","true"
"v0722","牛どん","ぎゅうどん","bol de riz recouvert de petits morceaux de bœuf et d'oignon cuits avec de la sauce","nom/autre","13","N5","true"
"v0723","お待ち ください。","おまち ください。","Attendez [un instant] s'il vous plaît, votre commande sera prête dans un instant.","expression","13","N5","true"
"v0724","～で ございます。","～で ございます。","la forme polie et courtoise de ～です。","expression","13","N5","true"
"v0725","別々に","べつべつに","séparément","nom/autre","13","N5","true"
"v0728","出します","だします","envoyer [une lettre]","verbe","13","N5","true"
"v0729","入ります","はいります","entrer [dans un café]","verbe","13","N5","true"
"v0730","出ます","でます","sortir [d'un café]","verbe","13","N5","true"
"v0731","寂しい","さびしい","triste, solitaire, désert","nom/autre","13","N5","true"
"v0732","市役所","しやくしょ","mairie, hôtel de ville","nom/autre","13","N5","true"
"v0733","経済","けいざい","économie","nom/autre","13","N5","true"
"v0734","会議","かいぎ","réunion, conférence (～を します : faire une réunion, tenir une conférence)","nom/autre","13","N5","true"
"v0735","登録","とうろく","enregistrement, inscription (～を します : enregistrer, inscrire)","nom/autre","13","N5","true"
"v0736","おなかが いっぱいです。","おなかが いっぱいです。","(Je n'ai) plus faim.","expression","13","N5","true"
"v0737","そうですね。","そうですね。","Je suis d'accord avec vous.","expression","13","N5","true"
"v0738","ロシア","ロシア","Russie","nom/autre","13","N5","true"
"v0740","つけます","つけます","mettre (quelque chose) en marche, allumer","verbe","14","N5","true"
"v0741","消します","けします","éteindre","verbe","14","N5","true"
"v0742","開けます","あけます","ouvrir","verbe","14","N5","true"
"v0743","閉めます","しめます","fermer","verbe","14","N5","true"
"v0744","急ぎます","いそぎます","se dépêcher","verbe","14","N5","true"
"v0745","待ちます","まちます","attendre","verbe","14","N5","true"
"v0746","持ちます","もちます","porter","verbe","14","N5","true"
"v0747","取ります","とります","prendre, passer","verbe","14","N5","true"
"v0748","手伝います","てつだいます","aider","verbe","14","N5","true"
"v0749","呼びます","よびます","appeler","verbe","14","N5","true"
"v0750","話します","はなします","parler","verbe","14","N5","true"
"v0751","使います","つかいます","utiliser","verbe","14","N5","true"
"v0752","止めます","とめます","arrêter, stationner","verbe","14","N5","true"
"v0753","見せます","みせます","montrer","verbe","14","N5","true"
"v0754","教えます","おしえます","renseigner [une adresse]","verbe","14","N5","true"
"v0755","座ります","すわります","s'asseoir","verbe","14","N5","true"
"v0756","立ちます","たちます","se mettre debout, se lever","verbe","14","N5","true"
"v0757","入ります","はいります","entrer [dans un salon de thé, un café]","verbe","14","N5","true"
"v0758","出ます","でます","sortir [d'un salon de thé, d'un café]","verbe","14","N5","true"
"v0759","降ります","ふります","pleuvoir","verbe","14","N5","true"
"v0760","コピーします","コピーします","faire des copies, photocopier","verbe","14","N5","true"
"v0761","電気","でんき","électricité, lumière","nom/autre","14","N5","true"
"v0762","エアコン","エアコン","air conditionné, climatisation","nom/autre","14","N5","true"
"v0763","パスポート","パスポート","passeport","nom/autre","14","N5","true"
"v0764","名前","なまえ","nom","nom/autre","14","N5","true"
"v0765","住所","じゅうしょ","adresse","nom/autre","14","N5","true"
"v0766","地図","ちず","plan, carte","nom/autre","14","N5","true"
"v0767","塩","しお","sel","nom/autre","14","N5","true"
"v0768","砂糖","さとう","sucre","nom/autre","14","N5","true"
"v0769","問題","もんだい","problème, question","nom/autre","14","N5","true"
"v0770","答え","こたえ","réponse","nom/autre","14","N5","true"
"v0771","読み方","よみかた","façon de lire, façon de prononcer","nom/autre","14","N5","true"
"v0772","～方","～かた","manière de ～","nom/autre","14","N5","true"
"v0773","まっすぐ","まっすぐ","tout droit","nom/autre","14","N5","true"
"v0774","ゆっくり","ゆっくり","lentement, tranquillement","nom/autre","14","N5","true"
"v0775","すぐ","すぐ","tout de suite, immédiatement","nom/autre","14","N5","true"
"v0776","また","また","encore, de nouveau","nom/autre","14","N5","true"
"v0777","あとで","あとで","plus tard, après","nom/autre","14","N5","true"
"v0778","もう 少し","もう すこし","un peu plus","nom/autre","14","N5","true"
"v0779","もう ～","もう ～","encore ～, un(e) autre ～, de plus","nom/autre","14","N5","true"
"v0780","さあ","さあ","allez/allons (utilisé lorsqu'on incite ou encourage quelqu'un à faire quelque chose).","nom/autre","14","N5","true"
"v0781","あれ？","あれ？","tiens/ah! (prononcé lorsqu'on est surpris ou qu'on est étonné)","expression","14","N5","true"
"v0782","信号を 右へ 曲がって ください。","しんごうを みぎへ まがって ください。","Pouvez-vous tourner à droite à ce feu-là?","expression","14","N5","true"
"v0783","これで お願いします。","これで おねがいします。","Tenez. Je voudrais payer avec ceci (ce billet, etc).","expression","14","N5","true"
"v0784","お釣り","おつり","monnaie","nom/autre","14","N5","true"
"v0786","曲がります","まがります","tourner [à droite]","verbe","14","N5","true"
"v0787","始めます","はじめます","commencer","verbe","14","N5","true"
"v0788","いいですよ。","いいですよ。","Certainement./Bien sûr.","expression","14","N5","true"
"v0789","梅田","うめだ","nom d'un quartier à Osaka","nom/autre","14","N5","true"
"v0790","置きます","おきます","poser","verbe","15","N5","true"
"v0791","作ります、造ります","つくります","faire, fabriquer, construire","verbe","15","N5","true"
"v0792","売ります","うります","vendre","verbe","15","N5","true"
"v0793","知ります","しります","connaître, savoir, apprendre, faire connaissance","verbe","15","N5","true"
"v0794","住みます","すみます","s'installer, établir son domicile","verbe","15","N5","true"
"v0795","研究します","けんきゅうします","faire de la recherche","verbe","15","N5","true"
"v0796","資料","しりょう","documents, données","nom/autre","15","N5","true"
"v0797","カタログ","カタログ","catalogue","nom/autre","15","N5","true"
"v0798","時刻表","じこくひょう","horaire","nom/autre","15","N5","true"
"v0799","服","ふく","vêtement","nom/autre","15","N5","true"
"v0800","製品","せいひん","produit","nom/autre","15","N5","true"
"v0801","ソフト","ソフト","logiciel","nom/autre","15","N5","true"
"v0802","電子辞書","でんしじしょ","dictionnaire électronique","nom/autre","15","N5","true"
"v0803","経済","けいざい","économie","nom/autre","15","N5","true"
"v0804","市役所","しやくしょ","mairie","nom/autre","15","N5","true"
"v0805","高校","こうこう","lycée","nom/autre","15","N5","true"
"v0806","歯医者","はいしゃ","dentiste, chez le dentiste","expression","15","N5","true"
"v0807","独身","どくしん","célibataire","nom/autre","15","N5","true"
"v0808","すみません","すみません","excusez-moi","verbe","15","N5","true"
"v0809","皆さん","みなさん","Mesdames, Messieurs/tout le monde","nom/autre","15","N5","true"
"v0810","思い出します","おもいだします","se rappeler, se souvenir de","verbe","15","N5","true"
"v0811","いらっしゃいます","いらっしゃいます","être (forme de respect de います)","verbe","15","N5","true"
"v0812","日本橋","にほんばし","Nom d'un quartier commerçant à Osaka","nom/autre","15","N5","true"
"v0814","立ちます","たちます","se mettre debout, se lever","verbe","15","N5","true"
"v0815","座ります","すわります","s'asseoir","verbe","15","N5","true"
"v0816","使います","つかいます","se servir de, utiliser","verbe","15","N5","true"
"v0817","知って います","しって います","savoir, être au courant","verbe","15","N5","true"
"v0818","住んで います","すんで います","habiter, demeurer [à Osaka]","verbe","15","N5","true"
"v0819","専門","せんもん","spécialité","nom/autre","15","N5","true"
"v0820","床屋","とこや","coiffeur, salon de coiffure","nom/autre","15","N5","true"
"v0821","プレイガイド","プレイガイド","agence de spectacle","nom/autre","15","N5","true"
"v0822","特に","とくに","particulièrement, surtout","nom/autre","15","N5","true"
"v0823","ご家族","ごかぞく","votre famille","nom/autre","15","N5","true"
"v0824","乗ります","のります","prendre [un train]","verbe","16","N5","true"
"v0825","降ります","おります","descendre [d'un train]","verbe","16","N5","true"
"v0826","乗り換えます","のりかえます","changer (de train, etc.)","verbe","16","N5","true"
"v0827","浴びます","あびます","prendre [une douche]","verbe","16","N5","true"
"v0828","入れます","いれます","mettre dans, insérer","verbe","16","N5","true"
"v0829","出します","だします","sortir (quelque chose de), remettre (quelque chose), envoyer (une lettre)","verbe","16","N5","true"
"v0830","下ろします","おろします","retirer [de l'argent]","verbe","16","N5","true"
"v0831","入ります","はいります","entrer [dans une université]","verbe","16","N5","true"
"v0832","出ます","でます","sortir [d'une université]","verbe","16","N5","true"
"v0833","押します","おします","appuyer (sur), presser, pousser","verbe","16","N5","true"
"v0834","飲みます","のみます","boire de l'alcool","verbe","16","N5","true"
"v0835","始めます","はじめます","commencer","verbe","16","N5","true"
"v0836","見学します","けんがくします","visiter un lieu pour ses études","verbe","16","N5","true"
"v0837","電話します","でんわします","téléphoner","verbe","16","N5","true"
"v0838","若い","わかい","jeune","nom/autre","16","N5","true"
"v0839","長い","ながい","long","nom/autre","16","N5","true"
"v0840","短い","みじかい","court","nom/autre","16","N5","true"
"v0841","明るい","あかるい","clair, lumineux","nom/autre","16","N5","true"
"v0842","暗い","くらい","sombre","nom/autre","16","N5","true"
"v0843","体","からだ","corps, santé","nom/autre","16","N5","true"
"v0844","頭","あたま","tête, intelligence","nom/autre","16","N5","true"
"v0845","髪","かみ","cheveu","nom/autre","16","N5","true"
"v0846","顔","かお","visage","nom/autre","16","N5","true"
"v0847","目","め","œil","nom/autre","16","N5","true"
"v0848","耳","みみ","oreille","nom/autre","16","N5","true"
"v0849","鼻","はな","nez","nom/autre","16","N5","true"
"v0850","口","くち","bouche","nom/autre","16","N5","true"
"v0851","歯","は","dent","nom/autre","16","N5","true"
"v0852","おなか","おなか","ventre","nom/autre","16","N5","true"
"v0853","足","あし","pied, jambe","nom/autre","16","N5","true"
"v0854","背","せ","taille","nom/autre","16","N5","true"
"v0855","サービス","サービス","service","nom/autre","16","N5","true"
"v0856","ジョギング","ジョギング","jogging (～を します : faire un jogging)","nom/autre","16","N5","true"
"v0857","シャワー","シャワー","douche","nom/autre","16","N5","true"
"v0858","緑","みどり","vert, verdure","nom/autre","16","N5","true"
"v0859","寺","てら","temple bouddhiste","nom/autre","16","N5","true"
"v0860","神社","じんじゃ","temple shinto","nom/autre","16","N5","true"
"v0861","－番","－ばん","numéro －","nom/autre","16","N5","true"
"v0862","どうやって","どうやって","comment, de quelle manière","nom/autre","16","N5","true"
"v0863","どの ～","どの ～","quel (utilisé pour choisir parmi au moins 3 choses)","nom/autre","16","N5","true"
"v0864","どれ","どれ","lequel (utilisé pour choisir parmi au moins 3 choses)","nom/autre","16","N5","true"
"v0865","すごいですね。","すごいですね。","Vous m'épatez, vous m'impressionnez.","expression","16","N5","true"
"v0866","まだまだです。","まだまだです。","[Non...] Je suis encore loin.","expression","16","N5","true"
"v0867","お引き出しですか。","おひきだしですか。","Ce serait pour un retrait d'argent?","expression","16","N5","true"
"v0868","まず","まず","d'abord","nom/autre","16","N5","true"
"v0869","次に","つぎに","ensuite","nom/autre","16","N5","true"
"v0870","キャッシュカード","キャッシュカード","carte bancaire","nom/autre","16","N5","true"
"v0871","暗証番号","あんしょうばんごう","code secret","nom/autre","16","N5","true"
"v0872","金額","きんがく","montant, somme d'argent","nom/autre","16","N5","true"
"v0873","確認","かくにん","confirmation (～します : confirmer)","nom/autre","16","N5","true"
"v0874","ボタン","ボタン","bouton","nom/autre","16","N5","true"
"v0875","JR","JR","Japan Railways","nom/autre","16","N5","true"
"v0876","雪祭り","ゆきまつり","Festival de la Neige","nom/autre","16","N5","true"
"v0877","バンドン","バンドン","Bandung (en Indonésie)","nom/autre","16","N5","true"
"v0878","フランケン","フランケン","Franken (en Allemagne)","nom/autre","16","N5","true"
"v0879","ベラクルス","ベラクルス","Veracruz (au Mexique)","nom/autre","16","N5","true"
"v0880","梅田","うめだ","Umeda (un quartier à Osaka)","nom/autre","16","N5","true"
"v0882","やめます","やめます","quitter [la société], se retirer de, arrêter","verbe","16","N5","true"
"v0883","背が 高い","せが たかい","grand (être grand de taille pour les hommes)","nom/autre","16","N5","true"
"v0884","頭が いい","あたまが いい","(être) intelligent","nom/autre","16","N5","true"
"v0885","留学生","りゅうがくせい","étudiant étranger","nom/autre","16","N5","true"
"v0886","アジア","アジア","Asie","nom/autre","16","N5","true"
"v0887","ベトナム","ベトナム","Vietnam","nom/autre","16","N5","true"
"v0888","フエ","フエ","Hue (au Vietnam)","nom/autre","16","N5","true"
"v0889","覚えます","おぼえます","retenir, apprendre par cœur","verbe","17","N5","true"
"v0890","忘れます","わすれます","oublier","verbe","17","N5","true"
"v0891","なくします","なくします","perdre","verbe","17","N5","true"
"v0892","払います","はらいます","payer","verbe","17","N5","true"
"v0893","返します","かえします","rendre, rembourser","verbe","17","N5","true"
"v0894","出かけます","でかけます","sortir","verbe","17","N5","true"
"v0895","脱ぎます","ぬぎます","enlever (des chaussures, un vêtement)","verbe","17","N5","true"
"v0896","持って 行きます","もって いきます","emporter","verbe","17","N5","true"
"v0897","持って 来ます","もって きます","apporter (quelque chose)","verbe","17","N5","true"
"v0898","心配します","しんぱいします","s'inquiéter","verbe","17","N5","true"
"v0899","残業します","ざんぎょうします","faire des heures supplémentaires","verbe","17","N5","true"
"v0900","出張します","しゅっちょうします","faire un voyage d'affaire, un voyage professionnel","verbe","17","N5","true"
"v0901","飲みます","のみます","prendre [un médicament]","verbe","17","N5","true"
"v0902","入ります","はいります","prendre [un bain]","verbe","17","N5","true"
"v0903","大切","たいせつ","important, précieux","adjectif-na","17","N5","true"
"v0904","大丈夫","だいじょうぶ","c'est bon, ça va, pas de problème","adjectif-na","17","N5","true"
"v0905","危ない","あぶない","dangereux","nom/autre","17","N5","true"
"v0906","禁煙","きんえん","défense de fumer","nom/autre","17","N5","true"
"v0907","保険証","ほけんしょう","carte de sécurité sociale, carte d'assurance [-maladie]","nom/autre","17","N5","true"
"v0908","熱","ねつ","fièvre","nom/autre","17","N5","true"
"v0909","病気","びょうき","maladie","nom/autre","17","N5","true"
"v0910","薬","くすり","médicament, remède","nom/autre","17","N5","true"
"v0911","ふろ","ふろ","bain","nom/autre","17","N5","true"
"v0912","上着","うわぎ","veste","nom/autre","17","N5","true"
"v0913","下着","したぎ","sous-vêtement","nom/autre","17","N5","true"
"v0914","２、３日","２、３にち","deux ou trois jours, quelques jours","nom/autre","17","N5","true"
"v0915","２、３～","２、３～","deux ou trois ～ (～ est un auxiliaire numéral)","nom/autre","17","N5","true"
"v0916","～までに","～までに","avant ～ (indiquant un délai)","nom/autre","17","N5","true"
"v0917","ですから","ですから","donc, par conséquent","nom/autre","17","N5","true"
"v0918","どう しましたか。","どう しましたか。","Que vous est-il arrivé?","verbe","17","N5","true"
"v0919","のど","のど","gorge","nom/autre","17","N5","true"
"v0920","痛いです。","いたいです。","J'ai mal [à ～].","expression","17","N5","true"
"v0921","かぜ","かぜ","rhume, coup de froid, grippe","nom/autre","17","N5","true"
"v0922","それから","それから","puis","nom/autre","17","N5","true"
"v0923","お大事に。","おだいじに。","Soignez-vous bien. (expression adressée aux personnes blessées ou malades)","expression","17","N5","true"
"v0924","出します","だします","présenter, remettre [un rapport]","verbe","17","N5","true"
"v0925","問題","もんだい","question, problème","nom/autre","17","N5","true"
"v0926","答え","こたえ","réponse","nom/autre","17","N5","true"
"v0927","先生","せんせい","docteur (utilisé quand on s'adresse au médecin)","nom/autre","17","N5","true"
"v0928","できます","できます","pouvoir, savoir faire","verbe","18","N5","true"
"v0929","洗います","あらいます","laver","verbe","18","N5","true"
"v0930","弾きます","ひきます","jouer d'un instrument à cordes (piano, guitare, etc.)","verbe","18","N5","true"
"v0931","歌います","うたいます","chanter","verbe","18","N5","true"
"v0932","集めます","あつめます","collectionner, rassembler, ramasser","verbe","18","N5","true"
"v0933","捨てます","すてます","jeter","verbe","18","N5","true"
"v0934","換えます","かえます","changer, échanger","verbe","18","N5","true"
"v0935","運転します","うんてんします","conduire","verbe","18","N5","true"
"v0936","予約します","よやくします","réserver","verbe","18","N5","true"
"v0937","ピアノ","ピアノ","piano","nom/autre","18","N5","true"
"v0938","－メートル","－メートル","－ mètre(s)","nom/autre","18","N5","true"
"v0939","現金","げんきん","espèces, argent liquide","nom/autre","18","N5","true"
"v0940","趣味","しゅみ","hobby","nom/autre","18","N5","true"
"v0941","日記","にっき","journal intime","nom/autre","18","N5","true"
"v0942","お祈り","おいのり","prière (～を します : faire une prière)","nom/autre","18","N5","true"
"v0943","課長","かちょう","chef de service","nom/autre","18","N5","true"
"v0944","部長","ぶちょう","chef de département","nom/autre","18","N5","true"
"v0945","社長","しゃちょう","président (PDG)","nom/autre","18","N5","true"
"v0946","動物","どうぶつ","animal","nom/autre","18","N5","true"
"v0947","馬","うま","cheval","nom/autre","18","N5","true"
"v0948","インターネット","インターネット","Internet","nom/autre","18","N5","true"
"v0949","特に","とくに","en particulier","nom/autre","18","N5","true"
"v0950","へえ","へえ","ah bon, vraiment? (utilisé lorsqu'on exprime de l'admiration ou de l'étonnement)","nom/autre","18","N5","true"
"v0951","それは おもしろいですね。","それは おもしろいですね。","C'est intéressant.","expression","18","N5","true"
"v0952","なかなか","なかなか","pas facilement, pas tout de suite (utilisé avec la négation)","nom/autre","18","N5","true"
"v0953","ほんとうですか。","ほんとうですか。","C'est vrai?","expression","18","N5","true"
"v0954","ぜひ","ぜひ","absolument, à tout prix, sans faute","nom/autre","18","N5","true"
"v0955","故郷","ふるさと","Furusato (titre d'une chanson qui signifie « pays natal »)","nom/autre","18","N5","true"
"v0956","ビートルズ","ビートルズ","les Beatles (célèbre groupe de musique anglais)","nom/autre","18","N5","true"
"v0957","秋葉原","あきはばら","Akihabara (nom d'un quartier à Tokyo)","nom/autre","18","N5","true"
"v0958","見学します","けんがくします","visiter, faire une visite d'études","verbe","18","N5","true"
"v0959","国際～","こくさい～","～ international","nom/autre","18","N5","true"
"v0960","牧場","ぼくじょう","ferme d'élevage","nom/autre","18","N5","true"
"v0961","登ります、上ります","のぼります","faire une ascension, monter","verbe","19","N5","true"
"v0962","泊まります","とまります","descendre [à l'hôtel]","verbe","19","N5","true"
"v0963","掃除します","そうじします","faire le ménage, nettoyer","verbe","19","N5","true"
"v0964","洗濯します","せんたくします","faire la lessive","verbe","19","N5","true"
"v0965","なります","なります","devenir","verbe","19","N5","true"
"v0966","眠い","ねむい","avoir sommeil","nom/autre","19","N5","true"
"v0967","強い","つよい","fort","nom/autre","19","N5","true"
"v0968","弱い","よわい","faible","nom/autre","19","N5","true"
"v0969","練習","れんしゅう","exercice, entraînement (～します : faire des entraînements, des exercices)","nom/autre","19","N5","true"
"v0970","ゴルフ","ゴルフ","golf (～を します : jouer au golf)","nom/autre","19","N5","true"
"v0971","相撲","すもう","sumo (～を します : faire du sumo)","nom/autre","19","N5","true"
"v0972","お茶","おちゃ","cérémonie du thé","nom/autre","19","N5","true"
"v0973","日","ひ","jour, date","nom/autre","19","N5","true"
"v0974","調子","ちょうし","condition","nom/autre","19","N5","true"
"v0975","一度","いちど","une fois","nom/autre","19","N5","true"
"v0976","一度も","いちども","pas une seule fois, jamais (utilisé avec la négation)","nom/autre","19","N5","true"
"v0977","だんだん","だんだん","progressivement, graduellement","nom/autre","19","N5","true"
"v0978","もうすぐ","もうすぐ","bientôt","nom/autre","19","N5","true"
"v0979","おかげさまで","おかげさまで","Merci. (expression utilisée pour montrer sa gratitude pour l'encouragement ou l'aide reçu. litt. grâce à vous)","nom/autre","19","N5","true"
"v0980","でも","でも","mais","nom/autre","19","N5","true"
"v0981","乾杯","かんぱい","toast, à votre santé","nom/autre","19","N5","true"
"v0982","ダイエット","ダイエット","régime (～を します : faire un régime)","nom/autre","19","N5","true"
"v0983","無理","むり","impossible, excessif","adjectif-na","19","N5","true"
"v0984","体に いい","からだに いい","bon pour la santé","nom/autre","19","N5","true"
"v0985","東京スカイツリー","とうきょうスカイツリー","Tokyo Sky tree (tour de radiodiffusion avec deux plates-formes d'observation située à Tokyo)","nom/autre","19","N5","true"
"v0986","葛飾北斎","かつしかほくさい","Célèbre graveur sur bois et peintre de l'époque Edo (1760-1849).","nom/autre","19","N5","true"
"v0987","調子が いい","ちょうしが いい","être en bonne condition, être en bonne santé, marcher bien","nom/autre","19","N5","true"
"v0988","調子が 悪い","ちょうしが わるい","être en mauvaise condition, être en mauvaise santé, marcher mal","nom/autre","19","N5","true"
"v0989","パチンコ","パチンコ","pachinko (flipper japonais) (～を します : jouer au pachinko)","nom/autre","19","N5","true"
"v0990","実は","じつは","en fait, à vrai dire, en réalité","nom/autre","19","N5","true"
"v0991","何回も","なんかいも","bien des fois, plusieurs fois","nom/autre","19","N5","true"
"v0992","しかし","しかし","mais, cependant","nom/autre","19","N5","true"
"v0993","ケーキ","ケーキ","pâtisserie, gâteau","nom/autre","19","N5","true"
"v0994","要ります","いります","avoir besoin de [un visa]","verbe","20","N5","true"
"v0995","調べます","しらべます","consulter, chercher, examiner","verbe","20","N5","true"
"v0996","修理します","しゅうりします","réparer","verbe","20","N5","true"
"v0997","僕","ぼく","je, moi (forme familière de わたし, utilisée par les hommes)","nom/autre","20","N5","true"
"v0998","君","きみ","tu, toi (forme familière de あなた, utilisée pour s'adresser à une personne dont le statut est égal ou inférieur au locuteur)","nom/autre","20","N5","true"
"v0999","～君","～くん","M. ～ (forme familière de ～さん, utilisée pour la personne dont le statut est égal ou inférieur au locuteur, souvent utilisée avec le nom de garçon)","nom/autre","20","N5","true"
"v1000","うん","うん","oui (forme familière de はい)","nom/autre","20","N5","true"
"v1001","ううん","ううん","non (forme familière de いいえ)","nom/autre","20","N5","true"
"v1002","ことば","ことば","langue, parole, mot","nom/autre","20","N5","true"
"v1003","着物","きもの","kimono (habit traditionnel du Japon)","nom/autre","20","N5","true"
"v1004","ビザ","ビザ","visa","nom/autre","20","N5","true"
"v1005","初め","はじめ","début, commencement","nom/autre","20","N5","true"
"v1006","終わり","おわり","fin","nom/autre","20","N5","true"
"v1007","こっち","こっち","cette direction-ci, ici (forme familière de こちら)","nom/autre","20","N5","true"
"v1008","そっち","そっち","cette direction-là, là-bas (forme familière de そちら)","nom/autre","20","N5","true"
"v1009","あっち","あっち","cette direction-là, là-bas (forme familière de あちら)","nom/autre","20","N5","true"
"v1010","どっち","どっち","lequel (des deux), où, quelle direction (forme familière de どちら)","nom/autre","20","N5","true"
"v1011","みんなで","みんなで","tous ensemble","nom/autre","20","N5","true"
"v1012","～けど","～けど","～, mais (forme familière de が)","nom/autre","20","N5","true"
"v1013","おなかが いっぱいです","おなかが いっぱいです","Je suis rassasié.","nom/autre","20","N5","true"
"v1014","よかったら","よかったら","si vous voulez","nom/autre","20","N5","true"
"v1015","いろいろ","いろいろ","par différents moyens","nom/autre","20","N5","true"
"v1016","直します","なおします","réparer, corriger, rectifier","verbe","20","N5","true"
"v1017","電話します","でんわします","téléphoner","verbe","20","N5","true"
"v1018","サラリーマン","サラリーマン","salarié","nom/autre","20","N5","true"
"v1019","物価","ぶっか","coût de la vie, prix","nom/autre","20","N5","true"
"v1020","この間","このあいだ","l'autre jour, il y a quelques jours, récemment","nom/autre","20","N5","true"
"v1021","国へ 帰るの？","くにへ かえるの？","Est-ce que vous allez retourner dans votre pays?","expression","20","N5","true"
"v1022","どう するの？","どう するの？","Quelle est votre intention?/Qu'est-ce que vous allez faire?","expression","20","N5","true"
"v1023","どう しようかな。","どう しようかな。","Qu'est-ce que je vais faire?","expression","20","N5","true"
"v1024","思います","おもいます","penser, croire","verbe","21","N5","true"
"v1025","言います","いいます","dire","verbe","21","N5","true"
"v1026","勝ちます","かちます","gagner, vaincre","verbe","21","N5","true"
"v1027","負けます","まけます","perdre, être vaincu","verbe","21","N5","true"
"v1028","あります","あります","[une fête] avoir lieu, se tenir","verbe","21","N5","true"
"v1029","役に 立ちます","やくに たちます","être utile, servir à","verbe","21","N5","true"
"v1030","動きます","うごきます","bouger, fonctionner","verbe","21","N5","true"
"v1031","やめます","やめます","quitter [son entreprise], prendre sa retraite","verbe","21","N5","true"
"v1032","気を つけます","きを つけます","faire attention","verbe","21","N5","true"
"v1033","留学します","りゅうがくします","étudier à l'étranger","verbe","21","N5","true"
"v1034","むだ","むだ","inutile","adjectif-na","21","N5","true"
"v1035","不便","ふべん","inconvénient, peu pratique","adjectif-na","21","N5","true"
"v1036","すごい","すごい","super, génial, terrible, affreux, incroyable (utilisé pour exprimer la surprise ou l'admiration)","nom/autre","21","N5","true"
"v1037","ほんとう","ほんとう","vrai","nom/autre","21","N5","true"
"v1038","うそ","うそ","faux","nom/autre","21","N5","true"
"v1039","自動車","じどうしゃ","voiture","nom/autre","21","N5","true"
"v1040","交通","こうつう","circulation, trafic, transport","nom/autre","21","N5","true"
"v1041","物価","ぶっか","prix","nom/autre","21","N5","true"
"v1042","放送","ほうそう","émission (télévisée, radiodiffusée), annonce","nom/autre","21","N5","true"
"v1043","ニュース","ニュース","nouvelle, information","nom/autre","21","N5","true"
"v1044","アニメ","アニメ","anime (film d'animation japonais)","nom/autre","21","N5","true"
"v1045","マンガ","マンガ","manga, bande dessinée","nom/autre","21","N5","true"
"v1046","デザイン","デザイン","dessin, design","nom/autre","21","N5","true"
"v1047","夢","ゆめ","rêve","nom/autre","21","N5","true"
"v1048","天才","てんさい","génie","nom/autre","21","N5","true"
"v1049","試合","しあい","match (～を します : jouer un match)","nom/autre","21","N5","true"
"v1050","意見","いけん","opinion, avis","nom/autre","21","N5","true"
"v1051","話","はなし","conversation, discours, histoire, récit (～を します : parler, raconter, discuter)","nom/autre","21","N5","true"
"v1052","地球","ちきゅう","la Terre","nom/autre","21","N5","true"
"v1053","月","つき","la Lune","nom/autre","21","N5","true"
"v1054","最近","さいきん","récemment, ces derniers temps","nom/autre","21","N5","true"
"v1055","たぶん","たぶん","peut-être","nom/autre","21","N5","true"
"v1056","きっと","きっと","certainement, sûrement","nom/autre","21","N5","true"
"v1057","ほんとうに","ほんとうに","vraiment","nom/autre","21","N5","true"
"v1058","そんなに","そんなに","pas tellement, pas tant (utilisé avec négation)","nom/autre","21","N5","true"
"v1059","～に ついて","～に ついて","sur ～, au sujet de ～, concernant ～","nom/autre","21","N5","true"
"v1060","久しぶりですね。","ひさしぶりですね。","Ça fait longtemps qu'on ne s'est pas vu.","expression","21","N5","true"
"v1061","～でも 飲みませんか。","～でも のみませんか。","Si on allait boire un verre, disons ～?","verbe","21","N5","true"
"v1062","もちろん","もちろん","bien sûr","nom/autre","21","N5","true"
"v1063","もう 帰らないと……。","もう かえらないと……。","Je dois rentrer maintenant....","expression","21","N5","true"
"v1064","アインシュタイン","アインシュタイン","Albert Einstein (1879-1955)","nom/autre","21","N5","true"
"v1065","ガガーリン","ガガーリン","Yuri Alekseyevich Gagarin (1934-1968)","nom/autre","21","N5","true"
"v1066","ガリレオ","ガリレオ","Galileo Galilei (1564-1642)","nom/autre","21","N5","true"
"v1067","キング牧師","キングぼくし","Martin Luther King, Jr. (1929-1968)","nom/autre","21","N5","true"
"v1068","フランクリン","フランクリン","Benjamin Franklin (1706-1790)","nom/autre","21","N5","true"
"v1069","かぐや姫","かぐやひめ","Princesse Kaguya (héroïne d'un ancien conte japonais «Taketori monogatari»)","nom/autre","21","N5","true"
"v1070","天神祭","てんじんまつり","Fête Tenjin (fête d'Osaka)","nom/autre","21","N5","true"
"v1071","吉野山","よしのやま","Mont Yoshino (montagne qui se trouve à Nara)","nom/autre","21","N5","true"
"v1072","カンガルー","カンガルー","kangourou","nom/autre","21","N5","true"
"v1073","キャプテン・クック","キャプテン・クック","Capitaine James Cook (1728-1779)","nom/autre","21","N5","true"
"v1075","足ります","たります","suffire, être suffisant","verbe","21","N5","true"
"v1076","同じ","おなじ","même, identique","nom/autre","21","N5","true"
"v1077","首相","しゅしょう","premier ministre","nom/autre","21","N5","true"
"v1078","大統領","だいとうりょう","président","nom/autre","21","N5","true"
"v1079","政治","せいじ","politique","nom/autre","21","N5","true"
"v1080","スピーチ","スピーチ","discours (～を します : prononcer un discours)","nom/autre","21","N5","true"
"v1081","アルバイト","アルバイト","travail occasionnel, job (～を します : avoir un job)","nom/autre","21","N5","true"
"v1082","ユーモア","ユーモア","humour","nom/autre","21","N5","true"
"v1083","むだ","むだ","gaspillage","nom/autre","21","N5","true"
"v1084","ラッシュ","ラッシュ","heures de pointe","nom/autre","21","N5","true"
"v1085","しかたが ありません。","しかたが ありません。","Il n'y a rien à faire./On n'a pas le choix./Tant pis!","verbe","21","N5","true"
"v1086","しばらくですね。","しばらくですね。","Il y a longtemps que je ne vous ai pas vu./Ça fait longtemps que l'on ne s'est pas vus.","expression","21","N5","true"
"v1087","見ないと……。","みないと……。","Il faut que je le regarde./Je dois le regarder.","expression","21","N5","true"
"v1088","着ます","きます","mettre (une chemise, etc.)","verbe","22","N5","true"
"v1089","はきます","はきます","mettre (des chaussures, un pantalon, etc.)","verbe","22","N5","true"
"v1090","かぶります","かぶります","mettre (un chapeau, un bonnet, etc.)","verbe","22","N5","true"
"v1091","かけます","かけます","mettre [des lunettes]","verbe","22","N5","true"
"v1092","します","します","mettre [une cravate]","verbe","22","N5","true"
"v1093","生まれます","うまれます","naître","verbe","22","N5","true"
"v1094","わたしたち","わたしたち","nous","nom/autre","22","N5","true"
"v1095","コート","コート","manteau","nom/autre","22","N5","true"
"v1096","セーター","セーター","pull-over","nom/autre","22","N5","true"
"v1097","スーツ","スーツ","tailleur, costume","nom/autre","22","N5","true"
"v1098","帽子","ぼうし","chapeau, bonnet, casquette","nom/autre","22","N5","true"
"v1099","眼鏡","めがね","lunettes","nom/autre","22","N5","true"
"v1100","ケーキ","ケーキ","gâteau","nom/autre","22","N5","true"
"v1101","弁当","べんとう","casse-croûte","nom/autre","22","N5","true"
"v1102","ロボット","ロボット","robot","nom/autre","22","N5","true"
"v1103","ユーモア","ユーモア","humour","nom/autre","22","N5","true"
"v1104","都合","つごう","convenance, commodité","nom/autre","22","N5","true"
"v1105","よく","よく","souvent","nom/autre","22","N5","true"
"v1106","えーと","えーと","euh, eh bien","nom/autre","22","N5","true"
"v1107","おめでとう。","おめでとう。","Félicitations., Meilleurs vœux. (exprimée à l'occasion d'un anniversaire, d'un mariage ou du Nouvel An, etc.)","expression","22","N5","true"
"v1108","お探しですか。","おさがしですか。","Recherchez-vous ～?","expression","22","N5","true"
"v1109","では","では","alors, dans ce cas-là","nom/autre","22","N5","true"
"v1110","こちら","こちら","celui-ci (expression polie de これ)","nom/autre","22","N5","true"
"v1111","家賃","やちん","loyer","nom/autre","22","N5","true"
"v1112","ダイニングキッチン","ダイニングキッチン","cuisine-salle à manger","nom/autre","22","N5","true"
"v1113","和室","わしつ","pièce de style japonais","nom/autre","22","N5","true"
"v1114","押し入れ","おしいれ","placard intégré de style japonais avec des portes coulissantes","nom/autre","22","N5","true"
"v1115","布団","ふとん","futon (literie japonaise, matelas et couette japonais)","nom/autre","22","N5","true"
"v1116","パリ","パリ","Paris","nom/autre","22","N5","true"
"v1117","万里の 長城","ばんりの ちょうじょう","La Grande Muraille de Chine","nom/autre","22","N5","true"
"v1119","うーん。","うーん。","Euh, attendez./Voyons.","expression","22","N5","true"
"v1120","アパート","アパート","appartement","nom/autre","22","N5","true"
"v1121","余暇開発センター","よかかいはつセンター","Centre pour le Développement des Activités de Loisir","nom/autre","22","N5","true"
"v1122","レジャー白書","レジャーはくしょ","livre blanc sur les loisirs","nom/autre","22","N5","true"
"v1123","聞きます","ききます","demander [au professeur]","verbe","23","N5","true"
"v1124","回します","まわします","(faire) tourner","verbe","23","N5","true"
"v1125","引きます","ひきます","tirer","verbe","23","N5","true"
"v1126","変えます","かえます","changer, modifier","verbe","23","N5","true"
"v1127","触ります","さわります","toucher [à la porte]","verbe","23","N5","true"
"v1128","出ます","でます","[la monnaie] être rendue, sortir","verbe","23","N5","true"
"v1129","歩きます","あるきます","marcher","verbe","23","N5","true"
"v1130","渡ります","わたります","traverser [le pont]","verbe","23","N5","true"
"v1131","曲がります","まがります","tourner [à droite]","verbe","23","N5","true"
"v1132","寂しい","さびしい","triste","nom/autre","23","N5","true"
"v1133","湯","ゆ","eau chaude","nom/autre","23","N5","true"
"v1134","音","おと","son, bruit","nom/autre","23","N5","true"
"v1135","サイズ","サイズ","taille, format","nom/autre","23","N5","true"
"v1136","故障","こしょう","panne (～します : tomber en panne)","nom/autre","23","N5","true"
"v1137","道","みち","chemin, rue, route","nom/autre","23","N5","true"
"v1138","交差点","こうさてん","carrefour","nom/autre","23","N5","true"
"v1139","信号","しんごう","feux de circulation","nom/autre","23","N5","true"
"v1140","角","かど","angle, coin, tournant","nom/autre","23","N5","true"
"v1141","橋","はし","pont","nom/autre","23","N5","true"
"v1142","駐車場","ちゅうしゃじょう","parking","nom/autre","23","N5","true"
"v1143","建物","たてもの","bâtiment, immeuble","nom/autre","23","N5","true"
"v1144","何回も","なんかいも","plusieurs fois","nom/autre","23","N5","true"
"v1145","－目","－め","-ème (indiquant l'ordre)","nom/autre","23","N5","true"
"v1146","聖徳太子","しょうとくたいし","Prince Shotoku (574-622)","nom/autre","23","N5","true"
"v1147","法隆寺","ほうりゅうじ","Temple Horyuji, temple bouddhiste situé dans la préfecture de Nara, construit par le Prince Shotoku au début du 7ème siècle.","nom/autre","23","N5","true"
"v1151","動きます","うごきます","[une montre] marcher, fonctionner","verbe","23","N5","true"
"v1152","気を つけます","きを つけます","faire attention [aux voitures]","verbe","23","N5","true"
"v1153","引っ越しします","ひっこしします","déménager","verbe","23","N5","true"
"v1154","電気屋","でんきや","électricien","nom/autre","23","N5","true"
"v1155","～屋","～や","celui que tient un magasin de qch. ou la personne qui y travaille","nom/autre","23","N5","true"
"v1156","機械","きかい","machine","nom/autre","23","N5","true"
"v1157","つまみ","つまみ","bouton","nom/autre","23","N5","true"
"v1158","正月","しょうがつ","Jour de l'An, Nouvel An","nom/autre","23","N5","true"
"v1159","ごちそうさま。","ごちそうさま。","Je me suis régalé, c'était très bon. (formule de politesse dites après avoir mangé ou bu)","expression","23","N5","true"
"v1160","外国人登録証","がいこくじんとうろくしょう","carte d'enregistrement des étrangers, carte d'étranger","nom/autre","23","N5","true"
"v1161","くれます","くれます","(me) donner","verbe","24","N5","true"
"v1162","直します","なおします","réparer, corriger","verbe","24","N5","true"
"v1163","連れて 行きます","つれて いきます","emmener (quelqu'un)","verbe","24","N5","true"
"v1164","連れて 来ます","つれて きます","amener (quelqu'un)","verbe","24","N5","true"
"v1165","送ります","おくります","(r)accompagner [quelqu'un]","verbe","24","N5","true"
"v1166","紹介します","しょうかいします","présenter","verbe","24","N5","true"
"v1167","案内します","あんないします","guider, faire visiter","verbe","24","N5","true"
"v1168","説明します","せつめいします","expliquer","verbe","24","N5","true"
"v1169","おじいさん／おじいちゃん","おじいさん／おじいちゃん","grand-père, vieil homme","nom/autre","24","N5","true"
"v1170","おばあさん／おばあちゃん","おばあさん／おばあちゃん","grand-mère, vieille femme","nom/autre","24","N5","true"
"v1171","準備","じゅんび","préparation (～します : préparer)","nom/autre","24","N5","true"
"v1172","引っ越し","ひっこし","déménagement (～します : déménager)","nom/autre","24","N5","true"
"v1173","菓子","かし","gâteau","nom/autre","24","N5","true"
"v1174","ホームステイ","ホームステイ","séjour en famille d'accueil","nom/autre","24","N5","true"
"v1175","全部","ぜんぶ","tout (ne s'emploie pas pour les personnes)","nom/autre","24","N5","true"
"v1176","自分で","じぶんで","par soi-même","nom/autre","24","N5","true"
"v1177","ほかに","ほかに","d'autre, en outre, en plus","nom/autre","24","N5","true"
"v1178","母の 日","ははの ひ","la fête des mères","nom/autre","24","N5","true"
"v1179","いれます","いれます","faire [du café]","verbe","24","N5","true"
"v1180","意味","いみ","sens, signification","nom/autre","24","N5","true"
"v1181","ワゴン車","ワゴンしゃ","break","nom/autre","24","N5","true"
"v1182","弁当","べんとう","panier-repas","nom/autre","24","N5","true"
"v1183","考えます","かんがえます","réfléchir, penser, considérer","verbe","25","N5","true"
"v1184","着きます","つきます","arriver","verbe","25","N5","true"
"v1185","取ります","とります","prendre [de l'âge]","verbe","25","N5","true"
"v1186","足ります","たります","suffire, être suffisant","verbe","25","N5","true"
"v1187","田舎","いなか","campagne, pays natal","nom/autre","25","N5","true"
"v1188","チャンス","チャンス","chance, occasion","nom/autre","25","N5","true"
"v1189","億","おく","cent millions","nom/autre","25","N5","true"
"v1190","もし","もし","si ～","nom/autre","25","N5","true"
"v1191","意味","いみ","sens, signification","nom/autre","25","N5","true"
"v1192","もしもし","もしもし","allô (utilisé au téléphone)","nom/autre","25","N5","true"
"v1193","転勤","てんきん","mutation (～します : être muté)","nom/autre","25","N5","true"
"v1194","こと","こと","chose, affaires (～の こと : quelque chose que ～, choses relatives à ～)","nom/autre","25","N5","true"
"v1195","暇","ひま","temps libre","nom/autre","25","N5","true"
"v1196","お世話に なりました。","おせわに なりました。","Je suis très reconnaissant pour tout ce que vous avez fait pour moi.","verbe","25","N5","true"
"v1197","頑張ります","がんばります","faire de son mieux","verbe","25","N5","true"
"v1198","どうぞ お元気で。","どうぞ おげんきで。","Prenez soin de vous. (utilisé lorsqu'on s'attend à une séparation de longue durée)","expression","25","N5","true"
"v1199","ベトナム","ベトナム","Viêt-nam","nom/autre","25","N5","true"
"v1200","留学します","りゅうがくします","aller étudier à l'étranger","verbe","25","N5","true"
"v1201","大使館","たいしかん","ambassade","nom/autre","25","N5","true"
"v1202","グループ","グループ","groupe","nom/autre","25","N5","true"
"v1203","いくら","いくら","même si ～, quelque ～ que (concession)","nom/autre","25","N5","true"
"v1204","一杯 飲みましょう。","いっぱい のみましょう。","Buvons ensemble.","expression","25","N5","true"
"v1205","見ます、診ます","みます","jeter un coup d'œil, examiner, regarder","verbe","26","N4","true"
"v1206","探します、捜します","さがします","chercher","verbe","26","N4","true"
"v1207","遅れます","おくれます","être en retard [au rendez-vous, à la réunion, etc.]","verbe","26","N4","true"
"v1208","間に 合います","まに あいます","être à l'heure [au rendez-vous, à la réunion, etc.]","verbe","26","N4","true"
"v1209","やります","やります","faire","verbe","26","N4","true"
"v1210","拾います","ひろいます","ramasser","verbe","26","N4","true"
"v1211","連絡します","れんらくします","contacter","verbe","26","N4","true"
"v1212","気分が いい","きぶんが いい","se sentir bien","nom/autre","26","N4","true"
"v1213","気分が 悪い","きぶんが わるい","ne pas se sentir bien","nom/autre","26","N4","true"
"v1214","運動会","うんどうかい","journée dédiée au sport","nom/autre","26","N4","true"
"v1215","盆踊り","ぼんおどり","danse bon (danse traditionnelle pour la fête d'o-bon)","nom/autre","26","N4","true"
"v1216","フリーマーケット","フリーマーケット","marché aux puces","nom/autre","26","N4","true"
"v1217","場所","ばしょ","endroit, lieu, place","nom/autre","26","N4","true"
"v1218","ボランティア","ボランティア","volontaire, bénévole, bénévolat","nom/autre","26","N4","true"
"v1219","財布","さいふ","portefeuille, porte-monnaie","nom/autre","26","N4","true"
"v1220","ごみ","ごみ","ordures, déchets, poussière","nom/autre","26","N4","true"
"v1221","国会議事堂","こっかいぎじどう","Palais de la Diète","nom/autre","26","N4","true"
"v1222","平日","へいじつ","jour ouvrable","nom/autre","26","N4","true"
"v1223","～弁","～べん","dialecte de ～","nom/autre","26","N4","true"
"v1224","今度","こんど","la prochaine fois, une autre fois","nom/autre","26","N4","true"
"v1225","ずいぶん","ずいぶん","très, vraiment","nom/autre","26","N4","true"
"v1226","直接","ちょくせつ","directement","nom/autre","26","N4","true"
"v1227","いつでも","いつでも","n'importe quand, toujours","nom/autre","26","N4","true"
"v1228","どこでも","どこでも","n'importe où, partout","nom/autre","26","N4","true"
"v1229","だれでも","だれでも","n'importe qui, tout le monde","nom/autre","26","N4","true"
"v1230","何でも","なんでも","quoi que ce soit, tout","nom/autre","26","N4","true"
"v1231","こんな ～","こんな ～","comme ceci","nom/autre","26","N4","true"
"v1232","そんな ～","そんな ～","comme cela (près de l'interlocuteur)","nom/autre","26","N4","true"
"v1233","あんな ～","あんな ～","comme cela (loin du locuteur et de l'interlocuteur)","nom/autre","26","N4","true"
"v1235","片づきます","かたづきます","[les affaires] être rangées, [les cartons de déménagement] être déballés et rangés","verbe","26","N4","true"
"v1236","出します","だします","déposer [les ordures], sortir [la poubelle]","verbe","26","N4","true"
"v1237","燃える ごみ","もえる ごみ","déchets incinérables","nom/autre","26","N4","true"
"v1238","置き場","おきば","dépôt, emplacement réservé à quelque chose (ordures, bicyclettes, etc.)","nom/autre","26","N4","true"
"v1239","横","よこ","côté","nom/autre","26","N4","true"
"v1240","瓶","びん","bouteille","nom/autre","26","N4","true"
"v1241","缶","かん","boîte en métal, canette","nom/autre","26","N4","true"
"v1242","ガス","ガス","gaz","nom/autre","26","N4","true"
"v1243","～会社","～がいしゃ","compagnie de ～","nom/autre","26","N4","true"
"v1244","宇宙","うちゅう","univers, espace","nom/autre","26","N4","true"
"v1245","～様","～さま","Monsieur/Madame/Mademoiselle ～ (terme de respect équivalent à ～さん)","nom/autre","26","N4","true"
"v1246","宇宙船","うちゅうせん","vaisseau spatial","nom/autre","26","N4","true"
"v1247","怖い","こわい","avoir peur","nom/autre","26","N4","true"
"v1248","宇宙ステーション","うちゅうステーション","station spatiale","nom/autre","26","N4","true"
"v1249","違います","ちがいます","être différent","verbe","26","N4","true"
"v1250","宇宙飛行士","うちゅうひこうし","astronaute, cosmonaute","nom/autre","26","N4","true"
"v1251","星出彰彦","ほしであきひこ","astronaute japonais (1968-)","nom/autre","26","N4","true"
"v1252","参加します","さんかします","participer [à une soirée]","verbe","26","N4","true"
"v1253","申し込みます","もうしこみます","s'inscrire à, souscrire pour","verbe","26","N4","true"
"v1254","都合が いい","つごうが いい","convenir à qn. (concernant le temps)","nom/autre","26","N4","true"
"v1255","都合が 悪い","つごうが わるい","ne pas convenir à qn. (concernant le temps)","nom/autre","26","N4","true"
"v1256","新聞社","しんぶんしゃ","bureau du journal, agence de presse","nom/autre","26","N4","true"
"v1257","柔道","じゅうどう","judo","nom/autre","26","N4","true"
"v1258","NHK","NHK","Nippon Hoso Kyokai (Radiodiffusion-Télévision Japonaise)","nom/autre","26","N4","true"
"v1259","こどもの 日","こどもの ひ","Fête des enfants","nom/autre","26","N4","true"
"v1260","燃えます","もえます","[des ordures] brûler, se consumer","verbe","26","N4","true"
"v1261","月・水・金","げっすいきん","Lundi, Mercredi, Vendredi","nom/autre","26","N4","true"
"v1262","湯","ゆ","eau chaude","nom/autre","26","N4","true"
"v1263","困ったなあ。","こまったなあ。","C'est ennuyeux./Que faire?","expression","26","N4","true"
"v1264","電子メール","でんしメール","courrier électronique","nom/autre","26","N4","true"
"v1265","別の","べつの","autre","nom/autre","26","N4","true"
"v1266","土井隆雄","どいたかお","astronaute japonais (1955-)","nom/autre","26","N4","true"
"v1267","飼います","かいます","avoir, élever (un animal)","verbe","27","N4","true"
"v1268","走ります","はしります","courir, rouler [sur la route]","verbe","27","N4","true"
"v1269","見えます","みえます","[une montagne] se voir","verbe","27","N4","true"
"v1270","聞こえます","きこえます","[un bruit] s'entendre","verbe","27","N4","true"
"v1271","できます","できます","[une route] être construite, être faite, être achevée, être prête","verbe","27","N4","true"
"v1272","開きます","ひらきます","organiser [une classe]","verbe","27","N4","true"
"v1273","心配","しんぱい","inquiet","adjectif-na","27","N4","true"
"v1274","ペット","ペット","animal de compagnie","nom/autre","27","N4","true"
"v1275","鳥","とり","oiseau","nom/autre","27","N4","true"
"v1276","声","こえ","voix","nom/autre","27","N4","true"
"v1277","波","なみ","vague","nom/autre","27","N4","true"
"v1278","花火","はなび","feux d'artifice","nom/autre","27","N4","true"
"v1279","道具","どうぐ","outil, ustensile, instrument, équipement","nom/autre","27","N4","true"
"v1280","クリーニング","クリーニング","nettoyage, blanchissage","nom/autre","27","N4","true"
"v1281","家","いえ","maison, foyer","nom/autre","27","N4","true"
"v1282","マンション","マンション","appartement, immeuble résidentiel","nom/autre","27","N4","true"
"v1283","キッチン","キッチン","cuisine","nom/autre","27","N4","true"
"v1284","～教室","～きょうしつ","cours de ～, classe de ～","nom/autre","27","N4","true"
"v1285","パーティールーム","パーティールーム","salle de réception","nom/autre","27","N4","true"
"v1286","方","かた","personne (terme de respect équivalent à ひと)","nom/autre","27","N4","true"
"v1287","～後","～ご","après ～, dans ～ (durée de temps)","nom/autre","27","N4","true"
"v1288","～しか","～しか","ne ～ que, seulement (s'emploie avec une négation)","nom/autre","27","N4","true"
"v1289","ほかの","ほかの","autre","nom/autre","27","N4","true"
"v1290","はっきり","はっきり","clairement","nom/autre","27","N4","true"
"v1291","家具","かぐ","meuble","nom/autre","27","N4","true"
"v1292","本棚","ほんだな","étagère à livres, bibliothèque","nom/autre","27","N4","true"
"v1293","いつか","いつか","un jour","nom/autre","27","N4","true"
"v1294","建てます","たてます","construire","verbe","27","N4","true"
"v1295","すばらしい","すばらしい","merveilleux, magnifique, admirable","nom/autre","27","N4","true"
"v1296","子どもたち","こどもたち","enfants","nom/autre","27","N4","true"
"v1297","大好き","だいすき","aimer beaucoup, favori","adjectif-na","27","N4","true"
"v1298","主人公","しゅじんこう","héro, héroïne","nom/autre","27","N4","true"
"v1299","形","かたち","forme","nom/autre","27","N4","true"
"v1300","不思議","ふしぎ","mystérieux, étrange, curieux","adjectif-na","27","N4","true"
"v1301","ポケット","ポケット","poche","nom/autre","27","N4","true"
"v1302","例えば","たとえば","par exemple","nom/autre","27","N4","true"
"v1303","付けます","つけます","attacher, mettre","verbe","27","N4","true"
"v1304","自由に","じゆうに","librement, en toute liberté","nom/autre","27","N4","true"
"v1305","空","そら","ciel","nom/autre","27","N4","true"
"v1306","飛びます","とびます","voler","verbe","27","N4","true"
"v1307","昔","むかし","ancien temps, autrefois","nom/autre","27","N4","true"
"v1308","自分","じぶん","soi-même","nom/autre","27","N4","true"
"v1309","将来","しょうらい","avenir, futur","nom/autre","27","N4","true"
"v1310","ドラえもん","ドラえもん","nom d'un personnage d'une bande dessinée","nom/autre","27","N4","true"
"v1311","取ります","とります","prendre [un congé]","verbe","27","N4","true"
"v1312","景色","けしき","paysage, vue","nom/autre","27","N4","true"
"v1313","昼間","ひるま","jour, journée","nom/autre","27","N4","true"
"v1314","自動販売機","じどうはんばいき","distributeur automatique","nom/autre","27","N4","true"
"v1315","通信販売","つうしんはんばい","vente par correspondance","nom/autre","27","N4","true"
"v1316","台所","だいどころ","cuisine","nom/autre","27","N4","true"
"v1317","ほとんど","ほとんど","presque, à peu près (dans une phrase affirmative), ne pas presque, peu (dans une phrase négative)","nom/autre","27","N4","true"
"v1318","関西空港","かんさいくうこう","Aéroport International du Kansai","nom/autre","27","N4","true"
"v1319","秋葉原","あきはばら","nom du quartier commerçant à Tokyo groupant beaucoup de magasins de produits électriques","nom/autre","27","N4","true"
"v1320","伊豆","いず","péninsule dans la préfecture de Shizuoka","nom/autre","27","N4","true"
"v1321","日曜大工","にちようだいく","bricoleur","nom/autre","27","N4","true"
"v1322","夢","ゆめ","rêve (～を みます : rêver, faire un rêve)","nom/autre","27","N4","true"
"v1323","漫画","まんが","bande dessinée, comique, dessin animé","nom/autre","27","N4","true"
"v1324","ロボット","ロボット","robot","nom/autre","27","N4","true"
"v1325","売れます","うれます","[Le pain] se vendre","verbe","28","N4","true"
"v1326","踊ります","おどります","danser","verbe","28","N4","true"
"v1327","かみます","かみます","mâcher, mordre","verbe","28","N4","true"
"v1328","選びます","えらびます","choisir","verbe","28","N4","true"
"v1329","通います","かよいます","fréquenter, aller régulièrement à [l'université]","verbe","28","N4","true"
"v1330","メモします","メモします","noter, prendre note","verbe","28","N4","true"
"v1331","まじめ","まじめ","sérieux","adjectif-na","28","N4","true"
"v1332","熱心","ねっしん","enthousiaste, assidu","adjectif-na","28","N4","true"
"v1333","偉い","えらい","admirable, grand","nom/autre","28","N4","true"
"v1334","ちょうど いい","ちょうど いい","juste, approprié, comme il faut","nom/autre","28","N4","true"
"v1335","景色","けしき","paysage, vue","nom/autre","28","N4","true"
"v1336","美容院","びよういん","salon de coiffure","nom/autre","28","N4","true"
"v1337","台所","だいどころ","cuisine","nom/autre","28","N4","true"
"v1338","経験","けいけん","expérience (～が あります : avoir une expérience, ～を します : faire une expérience)","nom/autre","28","N4","true"
"v1339","力","ちから","force","nom/autre","28","N4","true"
"v1340","人気","にんき","popularité (～が あります : être populaire [chez les étudiants])","nom/autre","28","N4","true"
"v1341","形","かたち","forme","nom/autre","28","N4","true"
"v1342","色","いろ","couleur","nom/autre","28","N4","true"
"v1343","味","あじ","goût","nom/autre","28","N4","true"
"v1344","ガム","ガム","chewing-gum","nom/autre","28","N4","true"
"v1345","品物","しなもの","article, marchandise","nom/autre","28","N4","true"
"v1346","値段","ねだん","prix","nom/autre","28","N4","true"
"v1347","給料","きゅうりょう","salaire","nom/autre","28","N4","true"
"v1348","ボーナス","ボーナス","bonus","nom/autre","28","N4","true"
"v1349","ゲーム","ゲーム","jeu, jeu sur l'ordinateur","nom/autre","28","N4","true"
"v1350","番組","ばんぐみ","programme, émission","nom/autre","28","N4","true"
"v1351","ドラマ","ドラマ","drame, série (télévisée), feuilleton","nom/autre","28","N4","true"
"v1352","歌手","かしゅ","chanteur","nom/autre","28","N4","true"
"v1353","小説","しょうせつ","roman","nom/autre","28","N4","true"
"v1354","小説家","しょうせつか","romancier","nom/autre","28","N4","true"
"v1355","～家","～か","-eur, -cien, etc. (suffixe indiquant une personne qui pratique un métier artistique, etc. Ex. danseur, musicien)","nom/autre","28","N4","true"
"v1356","～機","～き","-eur, machine à ～ (suffixe indiquant une machine. Ex. aspirateur, machine à laver)","nom/autre","28","N4","true"
"v1357","息子","むすこ","(mon) fils","nom/autre","28","N4","true"
"v1358","息子さん","むすこさん","fils (de quelqu'un d'autre)","nom/autre","28","N4","true"
"v1359","娘","むすめ","(ma) fille","nom/autre","28","N4","true"
"v1360","娘さん","むすめさん","fille (de quelqu'un d'autre)","nom/autre","28","N4","true"
"v1361","自分","じぶん","soi-même","nom/autre","28","N4","true"
"v1362","将来","しょうらい","avenir, futur","nom/autre","28","N4","true"
"v1363","しばらく","しばらく","un petit moment, un certain temps","nom/autre","28","N4","true"
"v1364","たいてい","たいてい","la plupart du temps, d'habitude","nom/autre","28","N4","true"
"v1365","それに","それに","en plus, de plus","nom/autre","28","N4","true"
"v1366","それで","それで","ainsi, c'est pourquoi","nom/autre","28","N4","true"
"v1367","お願いが あるんですが。","おねがいが あるんですが。","J'ai un [petit] service à vous demander.","expression","28","N4","true"
"v1368","実は","じつは","en fait","nom/autre","28","N4","true"
"v1369","会話","かいわ","conversation","nom/autre","28","N4","true"
"v1370","うーん","うーん","eh bien, voyons, euh","nom/autre","28","N4","true"
"v1371","お知らせ","おしらせ","annonce, information","nom/autre","28","N4","true"
"v1372","参加します","さんかします","participer","verbe","28","N4","true"
"v1373","日にち","ひにち","date","nom/autre","28","N4","true"
"v1374","土","ど","samedi","nom/autre","28","N4","true"
"v1375","体育館","たいいくかん","gymnase","nom/autre","28","N4","true"
"v1376","無料","むりょう","gratuit","nom/autre","28","N4","true"
"v1377","誘います","さそいます","inviter qqn. à faire qqch./proposer à qqn. de faire qqch. ensemble","verbe","28","N4","true"
"v1378","イベント","イベント","manifestation (culturelle, sportive, etc.)","nom/autre","28","N4","true"
"v1379","違います","ちがいます","différer, être différent de","verbe","28","N4","true"
"v1380","優しい","やさしい","doux, gentil","nom/autre","28","N4","true"
"v1381","習慣","しゅうかん","coutume, habitude","nom/autre","28","N4","true"
"v1382","管理人","かんりにん","concierge","nom/autre","28","N4","true"
"v1383","ホームステイ","ホームステイ","séjour dans une famille","nom/autre","28","N4","true"
"v1384","おしゃべりします","おしゃべりします","bavarder","verbe","28","N4","true"
"v1385","開きます","あきます","[une porte] s'ouvrir","verbe","29","N4","true"
"v1386","閉まります","しまります","[une porte] se fermer","verbe","29","N4","true"
"v1387","つきます","つきます","[une lumière] s'allumer","verbe","29","N4","true"
"v1388","消えます","きえます","[une lumière] s'éteindre","verbe","29","N4","true"
"v1389","壊れます","こわれます","[une chaise] (se) casser","verbe","29","N4","true"
"v1390","割れます","われます","[un verre] (se) casser","verbe","29","N4","true"
"v1391","折れます","おれます","[un arbre] (se) casser, se briser","verbe","29","N4","true"
"v1392","破れます","やぶれます","[un papier] se déchirer","verbe","29","N4","true"
"v1393","汚れます","よごれます","[un vêtement] se salir","verbe","29","N4","true"
"v1394","付きます","つきます","[une poche] être fixée, appliquée","verbe","29","N4","true"
"v1395","外れます","はずれます","[un bouton] se défaire","verbe","29","N4","true"
"v1396","止まります","とまります","[une voiture] s'arrêter, stationner","verbe","29","N4","true"
"v1397","まちがえます","まちがえます","se tromper","verbe","29","N4","true"
"v1398","落とします","おとします","faire tomber, laisser tomber, perdre","verbe","29","N4","true"
"v1399","掛かります","かかります","être fermé [à clé]","verbe","29","N4","true"
"v1400","ふきます","ふきます","essuyer","verbe","29","N4","true"
"v1401","取り替えます","とりかえます","changer","verbe","29","N4","true"
"v1402","片付けます","かたづけます","ranger, mettre en ordre","verbe","29","N4","true"
"v1403","皿","さら","assiette","nom/autre","29","N4","true"
"v1404","ちゃわん","ちゃわん","bol","nom/autre","29","N4","true"
"v1405","コップ","コップ","verre, gobelet","nom/autre","29","N4","true"
"v1406","ガラス","ガラス","verre (matière)","nom/autre","29","N4","true"
"v1407","袋","ふくろ","sac","nom/autre","29","N4","true"
"v1408","書類","しょるい","papiers, documents","nom/autre","29","N4","true"
"v1409","枝","えだ","branche, rameau","nom/autre","29","N4","true"
"v1410","駅員","えきいん","agent de gare","nom/autre","29","N4","true"
"v1411","交番","こうばん","poste de police","nom/autre","29","N4","true"
"v1412","スピーチ","スピーチ","discours (～を します : faire un discours)","nom/autre","29","N4","true"
"v1413","返事","へんじ","réponse (～を します : répondre)","nom/autre","29","N4","true"
"v1414","お先に どうぞ。","おさきに どうぞ。","Après vous./Je vous suis.","expression","29","N4","true"
"v1415","源氏物語","げんじものがたり","""Le Dit du Genji"" (roman écrit par Murasaki Shikibu à l'époque de Heian.)","nom/autre","29","N4","true"
"v1416","今の 電車","いまの でんしゃ","le train qui vient de partir","nom/autre","29","N4","true"
"v1417","忘れ物","わすれもの","objet oublié, objet perdu","nom/autre","29","N4","true"
"v1418","このくらい","このくらい","(grand) comme ça","nom/autre","29","N4","true"
"v1419","～側","～がわ","côté ～","nom/autre","29","N4","true"
"v1420","ポケット","ポケット","poche","nom/autre","29","N4","true"
"v1421","～ 辺","～ へん","à peu près ～, environ ～ (indiquant l'endroit approximatif)","nom/autre","29","N4","true"
"v1422","覚えて いません。","おぼえて いません。","Je ne me souviens pas.","verbe","29","N4","true"
"v1423","網棚","あみだな","filet à bagages","nom/autre","29","N4","true"
"v1424","確か","たしか","si j'ai bonne mémoire","nom/autre","29","N4","true"
"v1425","よかった。","よかった。","[Ah] c'est formidable./[Ouf] je suis rassuré. (expression utilisée pour exprimer le sentiment de soulagement)","expression","29","N4","true"
"v1426","新宿","しんじゅく","nom d'une gare/nom d'un quartier à Tokyo","nom/autre","29","N4","true"
"v1427","地震","じしん","tremblement de terre, séisme","nom/autre","29","N4","true"
"v1428","壁","かべ","mur","nom/autre","29","N4","true"
"v1429","針","はり","aiguille (d'une montre)","nom/autre","29","N4","true"
"v1430","指します","さします","indiquer, marquer, désigner","verbe","29","N4","true"
"v1431","駅前","えきまえ","zone en face de la gare","nom/autre","29","N4","true"
"v1432","倒れます","たおれます","s'écrouler","verbe","29","N4","true"
"v1433","西","にし","ouest","nom/autre","29","N4","true"
"v1434","～の 方","～の ほう","côté de ～, direction de ～","nom/autre","29","N4","true"
"v1435","燃えます","もえます","brûler","verbe","29","N4","true"
"v1436","レポーター","レポーター","reporter, envoyé spécial","nom/autre","29","N4","true"
"v1437","込みます","こみます","[la rue] être encombrée (de voitures)","verbe","29","N4","true"
"v1438","すきます","すきます","[la rue] se vider","verbe","29","N4","true"
"v1439","財布","さいふ","portefeuille, porte-monnaie","nom/autre","29","N4","true"
"v1440","この 辺","この へん","près d'ici, par ici, dans les environs","nom/autre","29","N4","true"
"v1441","四ツ谷","よつや","nom d'une gare à Tokyo","nom/autre","29","N4","true"
"v1442","方","ほう","direction","nom/autre","29","N4","true"
"v1443","三宮","さんのみや","nom d'un endroit à Kobe","nom/autre","29","N4","true"
"v1444","はります","はります","afficher, coller","verbe","30","N4","true"
"v1445","掛けます","かけます","accrocher","verbe","30","N4","true"
"v1446","飾ります","かざります","décorer, mettre","verbe","30","N4","true"
"v1447","並べます","ならべます","disposer, ranger, aligner","verbe","30","N4","true"
"v1448","植えます","うえます","planter","verbe","30","N4","true"
"v1449","戻します","もどします","remettre","verbe","30","N4","true"
"v1450","まとめます","まとめます","faire (ses bagages), rassembler, mettre en ordre, résumer, finir","verbe","30","N4","true"
"v1451","しまいます","しまいます","ranger, mettre qqch. dans","verbe","30","N4","true"
"v1452","決めます","きめます","décider, choisir","verbe","30","N4","true"
"v1453","予習します","よしゅうします","préparer sa leçon","verbe","30","N4","true"
"v1454","復習します","ふくしゅうします","réviser sa leçon","verbe","30","N4","true"
"v1455","そのままに します","そのままに します","laisser tel quel, laisser comme ça","verbe","30","N4","true"
"v1456","授業","じゅぎょう","classe, cours","nom/autre","30","N4","true"
"v1457","講義","こうぎ","cours, conférence","nom/autre","30","N4","true"
"v1458","ミーティング","ミーティング","réunion","nom/autre","30","N4","true"
"v1459","予定","よてい","programme, plan","nom/autre","30","N4","true"
"v1460","お知らせ","おしらせ","annonce, information","nom/autre","30","N4","true"
"v1461","ガイドブック","ガイドブック","guide (touristique)","nom/autre","30","N4","true"
"v1462","カレンダー","カレンダー","calendrier","nom/autre","30","N4","true"
"v1463","ポスター","ポスター","poster","nom/autre","30","N4","true"
"v1464","予定表","よていひょう","programme, tableau de planning","nom/autre","30","N4","true"
"v1465","ごみ箱","ごみばこ","poubelle, corbeille à papier","nom/autre","30","N4","true"
"v1466","人形","にんぎょう","poupée","nom/autre","30","N4","true"
"v1467","花瓶","かびん","vase","nom/autre","30","N4","true"
"v1468","鏡","かがみ","miroir, glace","nom/autre","30","N4","true"
"v1469","引き出し","ひきだし","tiroir","nom/autre","30","N4","true"
"v1470","玄関","げんかん","vestibule, entrée","nom/autre","30","N4","true"
"v1471","廊下","ろうか","couloir","nom/autre","30","N4","true"
"v1472","壁","かべ","mur","nom/autre","30","N4","true"
"v1473","池","いけ","étang, bassin","nom/autre","30","N4","true"
"v1474","元の 所","もとの ところ","place initiale, à sa place","nom/autre","30","N4","true"
"v1475","周り","まわり","circonférence, autour, alentours","nom/autre","30","N4","true"
"v1476","真ん中","まんなか","milieu, centre","nom/autre","30","N4","true"
"v1477","隅","すみ","coin","nom/autre","30","N4","true"
"v1478","まだ","まだ","encore, toujours","nom/autre","30","N4","true"
"v1479","リュック","リュック","sac à dos","nom/autre","30","N4","true"
"v1480","非常袋","ひじょうぶくろ","sac de survie","nom/autre","30","N4","true"
"v1481","非常時","ひじょうじ","(en) cas d'urgence","nom/autre","30","N4","true"
"v1482","生活します","せいかつします","vivre","verbe","30","N4","true"
"v1483","懐中電灯","かいちゅうでんとう","lampe de torche","nom/autre","30","N4","true"
"v1484","～とか、～とか","～とか、～とか","～, ～, entre autres/～, ～, par exemple","nom/autre","30","N4","true"
"v1485","丸い","まるい","rond","nom/autre","30","N4","true"
"v1486","ある ～","ある ～","un ～, un certain ～","nom/autre","30","N4","true"
"v1487","夢を 見ます","ゆめを みます","faire un rêve","verbe","30","N4","true"
"v1488","うれしい","うれしい","content","nom/autre","30","N4","true"
"v1489","嫌","いや","ne pas aimer, déplaisant","adjectif-na","30","N4","true"
"v1490","すると","すると","alors","nom/autre","30","N4","true"
"v1491","目が 覚めます","めが さめます","se réveiller","verbe","30","N4","true"
"v1492","片付けます","かたづけます","ranger, mettre qch. en ordre","verbe","30","N4","true"
"v1493","知らせます","しらせます","informer","verbe","30","N4","true"
"v1494","相談します","そうだんします","consulter, discuter","verbe","30","N4","true"
"v1495","お子さん","おこさん","enfant (de qn. d'autre)","nom/autre","30","N4","true"
"v1496","案内書","あんないしょ","guide","nom/autre","30","N4","true"
"v1497","交番","こうばん","poste de police","nom/autre","30","N4","true"
"v1498","～ほど","～ほど","environ ～, à peu près ～","nom/autre","30","N4","true"
"v1499","ご苦労さま。","ごくろうさま。","Merci. (lit. Merci de la peine que vous vous êtes donnée. expression utilisée par un supérieur à un inférieur pour le remercier de ses efforts)","expression","30","N4","true"
"v1500","希望","きぼう","souhait, désir","nom/autre","30","N4","true"
"v1501","何か ご希望が ありますか。","なにか ごきぼうが ありますか。","Y a-t-il qch. que vous désiriez faire?","expression","30","N4","true"
"v1502","ミュージカル","ミュージカル","comédie musicale","nom/autre","30","N4","true"
"v1503","それは いいですね。","それは いいですね。","C'est une bonne idée.","expression","30","N4","true"
"v1504","ブロードウェイ","ブロードウェイ","Broadway","nom/autre","30","N4","true"
"v1505","月","つき","lune","nom/autre","30","N4","true"
"v1506","地球","ちきゅう","terre, globe","nom/autre","30","N4","true"
"v1507","続けます","つづけます","continuer","verbe","31","N4","true"
"v1508","見つけます","みつけます","trouver, retrouver","verbe","31","N4","true"
"v1509","取ります","とります","prendre [un congé]","verbe","31","N4","true"
"v1510","受けます","うけます","passer [un examen]","verbe","31","N4","true"
"v1511","申し込みます","もうしこみます","souscrire, s'inscrire","verbe","31","N4","true"
"v1512","休憩します","きゅうけいします","se reposer, faire une pause","verbe","31","N4","true"
"v1513","連休","れんきゅう","série de jours fériés","nom/autre","31","N4","true"
"v1514","作文","さくぶん","composition, rédaction","nom/autre","31","N4","true"
"v1515","発表","はっぴょう","présentation, annonce (～します : présenter un exposé, annoncer)","nom/autre","31","N4","true"
"v1516","展覧会","てんらんかい","exposition","nom/autre","31","N4","true"
"v1517","結婚式","けっこんしき","cérémonie de mariage, noce","nom/autre","31","N4","true"
"v1518","葬式","そうしき","cérémonie funèbre, funérailles","nom/autre","31","N4","true"
"v1519","式","しき","cérémonie","nom/autre","31","N4","true"
"v1520","本社","ほんしゃ","siège social","nom/autre","31","N4","true"
"v1521","支店","してん","succursale","nom/autre","31","N4","true"
"v1522","教会","きょうかい","église","nom/autre","31","N4","true"
"v1523","大学院","だいがくいん","école doctorante (master et doctorat)","nom/autre","31","N4","true"
"v1524","動物園","どうぶつえん","zoo","nom/autre","31","N4","true"
"v1525","温泉","おんせん","station thermale, eaux thermales","nom/autre","31","N4","true"
"v1526","帰り","かえり","retour","nom/autre","31","N4","true"
"v1527","お子さん","おこさん","enfant (de quelqu'un d'autre)","nom/autre","31","N4","true"
"v1528","－号","－ごう","n° － (numéro de train, de typhon, etc.)","nom/autre","31","N4","true"
"v1529","～の 方","～の ほう","côté de ～, direction de ～","nom/autre","31","N4","true"
"v1530","ずっと","ずっと","tout le temps, longtemps","nom/autre","31","N4","true"
"v1531","バリ","バリ","Bali (île d'Indonésie)","nom/autre","31","N4","true"
"v1532","ピカソ","ピカソ","Pablo Picasso, peintre espagnol (1881-1973)","nom/autre","31","N4","true"
"v1533","のぞみ","のぞみ","nom d'un Shinkansen (～４２号 : Super Express Nozomi n°42)","nom/autre","31","N4","true"
"v1534","新神戸","しんこうべ","nom d'une gare dans la préfecture du Hyogo","nom/autre","31","N4","true"
"v1535","残ります","のこります","rester","verbe","31","N4","true"
"v1536","入学試験","にゅうがくしけん","concours d'entrée","nom/autre","31","N4","true"
"v1537","月に","つきに","par mois","nom/autre","31","N4","true"
"v1538","村","むら","village","nom/autre","31","N4","true"
"v1539","卒業します","そつぎょうします","sortir de l'école, finir ses études","verbe","31","N4","true"
"v1540","映画館","えいがかん","(salle de) cinéma","nom/autre","31","N4","true"
"v1541","嫌","いや","ne pas aimer, déplaisant","adjectif-na","31","N4","true"
"v1542","空","そら","ciel","nom/autre","31","N4","true"
"v1543","閉じます","とじます","fermer","verbe","31","N4","true"
"v1544","都会","とかい","ville","nom/autre","31","N4","true"
"v1545","子どもたち","こどもたち","enfants","nom/autre","31","N4","true"
"v1546","自由に","じゆうに","librement, en toute liberté","nom/autre","31","N4","true"
"v1547","始まります","はじまります","[une cérémonie] commencer","verbe","31","N4","true"
"v1548","入学します","にゅうがくします","entrer [dans une université]","verbe","31","N4","true"
"v1549","出席します","しゅっせきします","assister, participer [à une réunion]","verbe","31","N4","true"
"v1550","お客","おきゃく","visiteur, invité, hôte, client","nom/autre","31","N4","true"
"v1551","誰か","だれか","quelqu'un","nom/autre","31","N4","true"
"v1552","上野公園","うえのこうえん","Parc d'Ueno (à Tokyo)","nom/autre","31","N4","true"
"v1553","普通の","ふつうの","ordinaire, usuel","nom/autre","31","N4","true"
"v1554","インターネット","インターネット","Internet","nom/autre","31","N4","true"
"v1555","世界中","せかいじゅう","le monde entier","nom/autre","31","N4","true"
"v1556","集まります","あつまります","se réunir, s'assembler","verbe","31","N4","true"
"v1557","美しい","うつくしい","beau","nom/autre","31","N4","true"
"v1558","自然","しぜん","nature","nom/autre","31","N4","true"
"v1559","すばらしさ","すばらしさ","splendeur, excellence, magnificence","nom/autre","31","N4","true"
"v1560","気が つきます","きが つきます","s'apercevoir de, remarquer","verbe","31","N4","true"
"v1561","運動します","うんどうします","faire du sport, faire de l'exercice","verbe","32","N4","true"
"v1562","成功します","せいこうします","réussir","verbe","32","N4","true"
"v1563","失敗します","しっぱいします","échouer [à un examen]","verbe","32","N4","true"
"v1564","合格します","ごうかくします","réussir [(à) un examen]","verbe","32","N4","true"
"v1565","やみます","やみます","[la pluie] cesser","verbe","32","N4","true"
"v1566","晴れます","はれます","s'éclaircir","verbe","32","N4","true"
"v1567","曇ります","くもります","se couvrir, s'assombrir","verbe","32","N4","true"
"v1568","続きます","つづきます","[la fièvre] persister","verbe","32","N4","true"
"v1569","ひきます","ひきます","attraper [un rhume], prendre [froid]","verbe","32","N4","true"
"v1570","冷やします","ひやします","rafraîchir","verbe","32","N4","true"
"v1571","込みます","こみます","[la rue] se remplir de monde","verbe","32","N4","true"
"v1572","すきます","すきます","[la rue] se vider de monde","verbe","32","N4","true"
"v1573","出ます","でます","participer [à un match]","verbe","32","N4","true"
"v1574","出ます","でます","assister [à une soirée]","verbe","32","N4","true"
"v1575","無理を します","むりを します","forcer","verbe","32","N4","true"
"v1576","十分","じゅうぶん","suffisant, assez","adjectif-na","32","N4","true"
"v1577","おかしい","おかしい","bizarre, étrange, drôle","nom/autre","32","N4","true"
"v1578","うるさい","うるさい","bruyant","nom/autre","32","N4","true"
"v1579","先生","せんせい","docteur","nom/autre","32","N4","true"
"v1580","やけど","やけど","brûlure (～を します : se brûler)","nom/autre","32","N4","true"
"v1581","けが","けが","blessure (～を します : se blesser)","nom/autre","32","N4","true"
"v1582","せき","せき","toux (～を します／～が でます : tousser)","nom/autre","32","N4","true"
"v1583","インフルエンザ","インフルエンザ","grippe","nom/autre","32","N4","true"
"v1584","空","そら","ciel","nom/autre","32","N4","true"
"v1585","太陽","たいよう","soleil","nom/autre","32","N4","true"
"v1586","星","ほし","étoile","nom/autre","32","N4","true"
"v1587","風","かぜ","vent","nom/autre","32","N4","true"
"v1588","東","ひがし","est","nom/autre","32","N4","true"
"v1589","西","にし","ouest","nom/autre","32","N4","true"
"v1590","南","みなみ","sud","nom/autre","32","N4","true"
"v1591","北","きた","nord","nom/autre","32","N4","true"
"v1592","国際～","こくさい～","～ international","nom/autre","32","N4","true"
"v1593","水道","すいどう","eau courante","nom/autre","32","N4","true"
"v1594","エンジン","エンジン","moteur","nom/autre","32","N4","true"
"v1595","チーム","チーム","équipe","nom/autre","32","N4","true"
"v1596","今夜","こんや","ce soir","nom/autre","32","N4","true"
"v1597","夕方","ゆうがた","soir, fin d'après-midi","nom/autre","32","N4","true"
"v1598","まえ","まえ","avant, il y a","nom/autre","32","N4","true"
"v1599","遅く","おそく","tard","nom/autre","32","N4","true"
"v1600","こんなに","こんなに","autant que ceci, tellement","nom/autre","32","N4","true"
"v1601","そんなに","そんなに","autant que ceci, tellement (à propos de qqch. ou qqn. concernant l'interlocuteur)","nom/autre","32","N4","true"
"v1602","あんなに","あんなに","autant que ceci, tellement (à propos de qqch. ou qqn. qui ne concerne ni le locuteur ni l'interlocuteur)","nom/autre","32","N4","true"
"v1603","ヨーロッパ","ヨーロッパ","Europe","nom/autre","32","N4","true"
"v1604","元気","げんき","vitalité, entrain, moral","nom/autre","32","N4","true"
"v1605","胃","い","estomac","nom/autre","32","N4","true"
"v1606","ストレス","ストレス","stress","nom/autre","32","N4","true"
"v1607","それは いけませんね。","それは いけませんね。","C'est bien embêtant...","verbe","32","N4","true"
"v1608","星占い","ほしうらない","horoscope","nom/autre","32","N4","true"
"v1609","牡牛座","おうしざ","le Taureau","nom/autre","32","N4","true"
"v1610","働きすぎ","はたらきすぎ","surcharge de travail","nom/autre","32","N4","true"
"v1611","困ります","こまります","avoir des ennuis, être en difficulté","verbe","32","N4","true"
"v1612","宝くじ","たからくじ","loterie","nom/autre","32","N4","true"
"v1613","当たります","あたります","gagner [à la loterie]","verbe","32","N4","true"
"v1614","健康","けんこう","santé","nom/autre","32","N4","true"
"v1615","恋愛","れんあい","amour","nom/autre","32","N4","true"
"v1616","恋人","こいびと","amoureux, amoureuse, petit(e) ami(e)","nom/autre","32","N4","true"
"v1617","ラッキーアイテム","ラッキーアイテム","objet porte-chance","nom/autre","32","N4","true"
"v1618","石","いし","pierre","nom/autre","32","N4","true"
"v1619","戻ります","もどります","retourner, rentrer","verbe","32","N4","true"
"v1620","吹きます","ふきます","[le vent] souffler","verbe","32","N4","true"
"v1621","治ります","なおります","[une maladie] guérir","verbe","32","N4","true"
"v1622","直ります","なおります","[une panne] être réparée","verbe","32","N4","true"
"v1623","心配","しんぱい","anxieux, soucieux, inquiet","adjectif-na","32","N4","true"
"v1624","月","つき","lune","nom/autre","32","N4","true"
"v1625","もしかしたら","もしかしたら","peut-être, il se pourrait que","nom/autre","32","N4","true"
"v1626","オリンピック","オリンピック","jeux Olympiques","nom/autre","32","N4","true"
"v1627","ゆっくり します","ゆっくり します","prendre son temps, se reposer","verbe","32","N4","true"
"v1628","金持ち","かねもち","riche","nom/autre","32","N4","true"
"v1629","逃げます","にげます","fuir, se sauver","verbe","33","N4","true"
"v1630","騒ぎます","さわぎます","faire du bruit","verbe","33","N4","true"
"v1631","あきらめます","あきらめます","abandonner, renoncer","verbe","33","N4","true"
"v1632","投げます","なげます","lancer, jeter","verbe","33","N4","true"
"v1633","守ります","まもります","maintenir, respecter, observer","verbe","33","N4","true"
"v1634","始まります","はじまります","[une cérémonie] commencer","verbe","33","N4","true"
"v1635","出席します","しゅっせきします","assister [à une réunion]","verbe","33","N4","true"
"v1636","伝えます","つたえます","transmettre (un message)","verbe","33","N4","true"
"v1637","注意します","ちゅういします","faire attention [aux voitures]","verbe","33","N4","true"
"v1638","外します","はずします","quitter (temporairement) [son poste de travail], s'absenter (momentanément)","verbe","33","N4","true"
"v1639","戻ります","もどります","revenir","verbe","33","N4","true"
"v1640","あります","あります","recevoir [un coup de téléphone]","verbe","33","N4","true"
"v1641","リサイクルします","リサイクルします","recycler","verbe","33","N4","true"
"v1642","だめ","だめ","pas bon, impossible, sans espoir, ne pas être permis","adjectif-na","33","N4","true"
"v1643","同じ","おなじ","le/la même","nom/autre","33","N4","true"
"v1644","警察","けいさつ","police, commissariat de police","nom/autre","33","N4","true"
"v1645","席","せき","place, siège","nom/autre","33","N4","true"
"v1646","マーク","マーク","symbole, signe","nom/autre","33","N4","true"
"v1647","ボール","ボール","balle, ballon","nom/autre","33","N4","true"
"v1648","締め切り","しめきり","dernier délai","nom/autre","33","N4","true"
"v1649","規則","きそく","règle, réglement, code","nom/autre","33","N4","true"
"v1650","危険","きけん","Danger","nom/autre","33","N4","true"
"v1651","使用禁止","しようきんし","Usage interdit","nom/autre","33","N4","true"
"v1652","立入禁止","たちいりきんし","Entrée interdite","nom/autre","33","N4","true"
"v1653","徐行","じょこう","Ralentir","nom/autre","33","N4","true"
"v1654","入口","いりぐち","entrée","nom/autre","33","N4","true"
"v1655","出口","でぐち","sortie","nom/autre","33","N4","true"
"v1656","非常口","ひじょうぐち","sortie de secours","nom/autre","33","N4","true"
"v1657","無料","むりょう","gratuit","nom/autre","33","N4","true"
"v1658","割引","わりびき","réduction","nom/autre","33","N4","true"
"v1659","飲み放題","のみほうだい","boissons à volonté","nom/autre","33","N4","true"
"v1660","使用中","しようちゅう","en cours d'utilisation, occupé","nom/autre","33","N4","true"
"v1661","募集中","ぼしゅうちゅう","appel à candidatures","nom/autre","33","N4","true"
"v1662","～中","～ちゅう","en cours de ～","nom/autre","33","N4","true"
"v1663","どういう ～","どういう ～","quel, quelle sorte de ～","nom/autre","33","N4","true"
"v1664","いくら","いくら","même si ～, aussi ～ que","nom/autre","33","N4","true"
"v1665","もう","もう","ne plus (utilisé avec une négation)","nom/autre","33","N4","true"
"v1666","あと ～","あと ～","encore ～, il reste ～","nom/autre","33","N4","true"
"v1667","～ほど","～ほど","environ ～","nom/autre","33","N4","true"
"v1668","駐車違反","ちゅうしゃいはん","infraction à une interdiction de stationner","nom/autre","33","N4","true"
"v1669","罰金","ばっきん","amende","nom/autre","33","N4","true"
"v1670","地震","じしん","tremblement de terre, séisme","nom/autre","33","N4","true"
"v1671","置きます","おきます","arriver, se produire","verbe","33","N4","true"
"v1672","助け合います","たすけあいます","s'entraider","verbe","33","N4","true"
"v1673","もともと","もともと","originairement","nom/autre","33","N4","true"
"v1674","悲しい","かなしい","triste","nom/autre","33","N4","true"
"v1675","もっと","もっと","plus, davantage","nom/autre","33","N4","true"
"v1676","あいさつ","あいさつ","salut, présentation, mots de bienvenue (～を します : saluer, se présenter, dire les mots de bienvenue)","nom/autre","33","N4","true"
"v1677","相手","あいて","interlocuteur, l'autre personne","nom/autre","33","N4","true"
"v1678","気持ち","きもち","sentiment","nom/autre","33","N4","true"
"v1679","上げます","あげます","lever, augmenter","verbe","33","N4","true"
"v1680","下げます","さげます","baisser, abaisser","verbe","33","N4","true"
"v1681","ファイト","ファイト","Allez-y!/Courage!","nom/autre","33","N4","true"
"v1682","洗濯機","せんたくき","machine à laver","nom/autre","33","N4","true"
"v1683","～機","～き","machine à ～","nom/autre","33","N4","true"
"v1684","本日休業","ほんじつきゅうぎょう","fermé aujourd'hui","nom/autre","33","N4","true"
"v1685","営業中","えいぎょうちゅう","ouvert","nom/autre","33","N4","true"
"v1686","そりゃあ","そりゃあ","eh bien, alors","nom/autre","33","N4","true"
"v1687","～以内","～いない","dans les ～, en moins de ～","nom/autre","33","N4","true"
"v1688","電報","でんぽう","télégramme","nom/autre","33","N4","true"
"v1689","人々","ひとびと","gens","nom/autre","33","N4","true"
"v1690","急用","きゅうよう","affaire urgente","nom/autre","33","N4","true"
"v1691","打ちます","うちます","envoyer [un télégramme]","verbe","33","N4","true"
"v1692","電報代","でんぽうだい","frais de télégramme","nom/autre","33","N4","true"
"v1693","できるだけ","できるだけ","autant que possible, le plus ～ possible","nom/autre","33","N4","true"
"v1694","短く","みじかく","court, brièvement","nom/autre","33","N4","true"
"v1695","また","また","et","nom/autre","33","N4","true"
"v1696","例えば","たとえば","par exemple","nom/autre","33","N4","true"
"v1697","危篤","キトク","dans un état critique, dans un état alarmant","nom/autre","33","N4","true"
"v1698","重い 病気","おもい びょうき","maladie grave","nom/autre","33","N4","true"
"v1699","明日","あす","demain","nom/autre","33","N4","true"
"v1700","留守","るす","absence","nom/autre","33","N4","true"
"v1701","留守番","るすばん","garde d'une maison","nom/autre","33","N4","true"
"v1702","祝い","いわい","célébration, fête","nom/autre","33","N4","true"
"v1703","亡くなります","なくなります","décéder, mourir","verbe","33","N4","true"
"v1704","悲しみ","かなしみ","tristesse, chagrin","nom/autre","33","N4","true"
"v1705","利用します","りようします","utiliser, profiter de","verbe","33","N4","true"
"v1706","磨きます","みがきます","se brosser [les dens], astiquer, polir, cirer","verbe","34","N4","true"
"v1707","組み立てます","くみたてます","monter, assembler","verbe","34","N4","true"
"v1708","折ります","おります","plier, casser (en deux)","verbe","34","N4","true"
"v1709","気が つきます","きが つきます","s'apercevoir [que l'on a oublié quelque chose]","verbe","34","N4","true"
"v1710","つけます","つけます","mettre [de la sauce de soja]","verbe","34","N4","true"
"v1711","見つかります","みつかります","[la clé] être retrouvée","verbe","34","N4","true"
"v1712","質問します","しつもんします","poser une question","verbe","34","N4","true"
"v1713","さします","さします","tenir [un parapluie]","verbe","34","N4","true"
"v1714","スポーツクラブ","スポーツクラブ","club de sport","nom/autre","34","N4","true"
"v1715","城","しろ","château","nom/autre","34","N4","true"
"v1716","説明書","せつめいしょ","notice, manuel d'utilisation","nom/autre","34","N4","true"
"v1717","図","ず","figure, tracé","nom/autre","34","N4","true"
"v1718","線","せん","ligne","nom/autre","34","N4","true"
"v1719","矢印","やじるし","flèche (symbole)","nom/autre","34","N4","true"
"v1720","黒","くろ","noir (nom)","nom/autre","34","N4","true"
"v1721","白","しろ","blanc (nom)","nom/autre","34","N4","true"
"v1722","赤","あか","rouge (nom)","nom/autre","34","N4","true"
"v1723","青","あお","bleu (nom)","nom/autre","34","N4","true"
"v1724","紺","こん","bleu marine, bleu foncé (nom)","nom/autre","34","N4","true"
"v1725","黄色","きいろ","jaune (nom)","nom/autre","34","N4","true"
"v1726","茶色","ちゃいろ","marron, brun (nom)","nom/autre","34","N4","true"
"v1727","しょうゆ","しょうゆ","sauce de soja","nom/autre","34","N4","true"
"v1728","ソース","ソース","sauce Worcestershire, sauce (sauce blanche, sauce tomate, etc.)","nom/autre","34","N4","true"
"v1729","お客","おきゃく","client, visiteur, invité","nom/autre","34","N4","true"
"v1730","～か ～","～か ～","～ ou ～","nom/autre","34","N4","true"
"v1731","ゆうべ","ゆうべ","hier soir","nom/autre","34","N4","true"
"v1732","さっき","さっき","tout à l'heure, il y a un instant","nom/autre","34","N4","true"
"v1733","茶道","さどう","cérémonie du thé","nom/autre","34","N4","true"
"v1734","お茶を たてます","おちゃを たてます","faire du thé (dans la cérémonie du thé)","verbe","34","N4","true"
"v1735","先に","さきに","avant, d'abord","nom/autre","34","N4","true"
"v1736","載せます","のせます","poser, mettre, charger","verbe","34","N4","true"
"v1737","これで いいですか。","これで いいですか。","Est-ce que c'est bien comme ça?","expression","34","N4","true"
"v1738","苦い","にがい","amer","nom/autre","34","N4","true"
"v1739","親子どんぶり","おやこどんぶり","grand bol de riz recouvert avec du poulet et des œufs cuits dans une sauce","nom/autre","34","N4","true"
"v1740","材料","ざいりょう","ingrédients, matériaux","nom/autre","34","N4","true"
"v1741","～分","～ぶん","pour ～ personne(s), ～ portion(s) (indiquant la quantité)","nom/autre","34","N4","true"
"v1742","－グラム","－グラム","ー gramme(s)","nom/autre","34","N4","true"
"v1743","ー個","ーこ","(auxiliaire numéral pour compter de petites choses)","nom/autre","34","N4","true"
"v1744","たまねぎ","たまねぎ","oignon","nom/autre","34","N4","true"
"v1745","４分の１（１／４）","よんぶんのいち（１／４）","un quart (1/4)","nom/autre","34","N4","true"
"v1746","調味料","ちょうみりょう","assaisonnement, condiment","nom/autre","34","N4","true"
"v1747","適当な 大きさに","てきとうな おおきさに","de taille convenable","nom/autre","34","N4","true"
"v1748","なべ","なべ","casserole, marmite","nom/autre","34","N4","true"
"v1749","火","ひ","feu","nom/autre","34","N4","true"
"v1750","火に かけます","ひに かけます","mettre qqch. sur le feu","verbe","34","N4","true"
"v1751","煮ます","にます","(faire) cuire, mijoter, faire bouillir","verbe","34","N4","true"
"v1752","煮えます","にえます","cuire","verbe","34","N4","true"
"v1753","どんぶり","どんぶり","grand bol","nom/autre","34","N4","true"
"v1754","たちます","たちます","(le temps) passer","verbe","34","N4","true"
"v1755","します","します","mettre [une cravate]","verbe","34","N4","true"
"v1756","細い","ほそい","fin, mince (de petit diamètre)","nom/autre","34","N4","true"
"v1757","太い","ふとい","gros (de grand diamètre)","nom/autre","34","N4","true"
"v1758","盆踊り","ぼんおどり","danse de la fête de Bon","nom/autre","34","N4","true"
"v1759","家具","かぐ","meuble, mobilier","nom/autre","34","N4","true"
"v1760","キー","キー","touche","nom/autre","34","N4","true"
"v1761","シートベルト","シートベルト","ceinture de sécurité","nom/autre","34","N4","true"
"v1762","鳥肉","とりにく","poulet","nom/autre","34","N4","true"
"v1763","咲きます","さきます","[la fleur] s'épanouir, fleurir","verbe","35","N4","true"
"v1764","変わります","かわります","[la couleur] changer","verbe","35","N4","true"
"v1765","困ります","こまります","avoir des ennuis, être en difficulté","verbe","35","N4","true"
"v1766","付けます","つけます","marquer [d'un cercle]","verbe","35","N4","true"
"v1767","治ります","なおります","[la maladie] guérir","verbe","35","N4","true"
"v1768","直ります","なおります","[la panne] être réparée","verbe","35","N4","true"
"v1769","クリックします","クリックします","cliquer","verbe","35","N4","true"
"v1770","入力します","にゅうりょくします","entrer, saisir","verbe","35","N4","true"
"v1771","正しい","ただしい","correct, juste","nom/autre","35","N4","true"
"v1772","向こう","むこう","là-bas, de l'autre côté","nom/autre","35","N4","true"
"v1773","島","しま","île","nom/autre","35","N4","true"
"v1774","港","みなと","port","nom/autre","35","N4","true"
"v1775","近所","きんじょ","voisinage, proximité","nom/autre","35","N4","true"
"v1776","屋上","おくじょう","(terrasse) sur le toit","nom/autre","35","N4","true"
"v1777","海外","かいがい","pays d'outre-mer, étranger","nom/autre","35","N4","true"
"v1778","山登り","やまのぼり","alpinisme, ascension (d'une montagne)","nom/autre","35","N4","true"
"v1779","歴史","れきし","histoire","nom/autre","35","N4","true"
"v1780","機会","きかい","occasion, chance","nom/autre","35","N4","true"
"v1781","許可","きょか","permission, autorisation","nom/autre","35","N4","true"
"v1782","丸","まる","cercle, rond","nom/autre","35","N4","true"
"v1783","ふりがな","ふりがな","(kana écrits au-dessus ou à côté d'un kanji pour en indiquer la prononciation)","nom/autre","35","N4","true"
"v1784","設備","せつび","équipement, installation","nom/autre","35","N4","true"
"v1785","レバー","レバー","levier","nom/autre","35","N4","true"
"v1786","キー","キー","clavier","nom/autre","35","N4","true"
"v1787","カーテン","カーテン","rideau","nom/autre","35","N4","true"
"v1788","ひも","ひも","ficelle, cordon","nom/autre","35","N4","true"
"v1789","炊飯器","すいはんき","cuiseur de riz","nom/autre","35","N4","true"
"v1790","葉","は","feuille","nom/autre","35","N4","true"
"v1791","昔","むかし","ancien temps, autrefois","nom/autre","35","N4","true"
"v1792","もっと","もっと","plus, davantage","nom/autre","35","N4","true"
"v1793","これで 終わりましょう。","これで おわりましょう。","C'est tout pour le moment. On s'arrête là.","expression","35","N4","true"
"v1794","箱根","はこね","station climatique, site touristique dans la préfecture de Kanagawa","nom/autre","35","N4","true"
"v1795","日光","にっこう","site touristique dans la préfecture de Tochigi","nom/autre","35","N4","true"
"v1796","アフリカ","アフリカ","Afrique","nom/autre","35","N4","true"
"v1797","マンガミュージアム","マンガミュージアム","Musée International du Manga de Kyoto","nom/autre","35","N4","true"
"v1805","それなら","それなら","alors, en ce cas","nom/autre","35","N4","true"
"v1806","夜行バス","やこうバス","bus de nuit","nom/autre","35","N4","true"
"v1807","さあ","さあ","euh, voyons... (utilisé lorsque l'on ne connaît pas bien la réponse de la question.)","nom/autre","35","N4","true"
"v1808","旅行社","りょこうしゃ","agence de voyages","nom/autre","35","N4","true"
"v1809","詳しい","くわしい","détaillé","nom/autre","35","N4","true"
"v1810","スキー場","スキーじょう","station de ski","nom/autre","35","N4","true"
"v1811","草津","くさつ","station climatique dans la préfecture de Gunma","nom/autre","35","N4","true"
"v1812","志賀高原","しがこうげん","haut plateau dans un parc national, situé dans la préfecture de Nagano","nom/autre","35","N4","true"
"v1813","朱","しゅ","vermillon","nom/autre","35","N4","true"
"v1814","交わります","まじわります","fréquenter","verbe","35","N4","true"
"v1815","ことわざ","ことわざ","proverbe","nom/autre","35","N4","true"
"v1816","関係","かんけい","relation","nom/autre","35","N4","true"
"v1817","仲よく します","なかよく します","être en bons termes","verbe","35","N4","true"
"v1818","必要","ひつよう","nécessaire","adjectif-na","35","N4","true"
"v1819","拾います","ひろいます","ramasser","verbe","35","N4","true"
"v1820","かかります","かかります","obtenir une communication [téléphonique], avoir [un coup de téléphone]","verbe","35","N4","true"
"v1821","楽","らく","confortable, aisé, facile","adjectif-na","35","N4","true"
"v1822","珍しい","めずらしい","rare, peu commun","nom/autre","35","N4","true"
"v1823","方","かた","personne (terme de respect équivalent à ひと)","nom/autre","35","N4","true"
"v1824","村","むら","village","nom/autre","35","N4","true"
"v1825","ハイキング","ハイキング","randonnée, excursion à pied","nom/autre","35","N4","true"
"v1826","操作","そうさ","opération, manœuvre","nom/autre","35","N4","true"
"v1827","方法","ほうほう","méthode, moyen","nom/autre","35","N4","true"
"v1828","ふた","ふた","couvercle","nom/autre","35","N4","true"
"v1829","曲","きょく","morceau de musique, pièce","nom/autre","35","N4","true"
"v1830","楽しみ","たのしみ","plaisir, divertissement","nom/autre","35","N4","true"
"v1831","初めに","はじめに","premièrement, pour commencer, d'abord","nom/autre","35","N4","true"
"v1832","これで 終わります。","これで おわります。","C'est fini pour aujourd'hui.","expression","35","N4","true"
"v1833","白馬","はくば","lieu d'excursion dans la préfecture de Nagano","nom/autre","35","N4","true"
"v1834","あいます","あいます","avoir [un accident]","verbe","36","N4","true"
"v1835","貯金します","ちょきんします","épargner, faire des économies","verbe","36","N4","true"
"v1836","過ぎます","すぎます","[7 heures] passées","verbe","36","N4","true"
"v1837","慣れます","なれます","s'habituer, se familiariser [avec le travail]","verbe","36","N4","true"
"v1838","腐ります","くさります","[la nourriture] pourrir","verbe","36","N4","true"
"v1839","剣道","けんどう","kendo (escrime à la japonaise)","nom/autre","36","N4","true"
"v1840","柔道","じゅうどう","judo","nom/autre","36","N4","true"
"v1841","ラッシュ","ラッシュ","ruée, rush","nom/autre","36","N4","true"
"v1842","宇宙","うちゅう","univers, espace","nom/autre","36","N4","true"
"v1843","曲","きょく","morceau, pièce","nom/autre","36","N4","true"
"v1844","毎週","まいしゅう","toutes les semaines","nom/autre","36","N4","true"
"v1845","毎月","まいつき","tous les mois","nom/autre","36","N4","true"
"v1846","毎年","まいとし（まいねん）","tous les ans","nom/autre","36","N4","true"
"v1847","このごろ","このごろ","ces derniers temps","nom/autre","36","N4","true"
"v1848","やっと","やっと","enfin, finalement","nom/autre","36","N4","true"
"v1849","かなり","かなり","assez, pas mal, considérablement","nom/autre","36","N4","true"
"v1850","必ず","かならず","sans faute, à tout prix","nom/autre","36","N4","true"
"v1851","絶対に","ぜったいに","absolument","nom/autre","36","N4","true"
"v1852","上手に","じょうずに","bien, habilement","nom/autre","36","N4","true"
"v1853","できるだけ","できるだけ","autant que possible","nom/autre","36","N4","true"
"v1854","ほとんど","ほとんど","presque, quasiment (dans une phrase affirmative), ne... guère, peu (dans une phrase négative)","nom/autre","36","N4","true"
"v1855","ショパン","ショパン","Chopin, musicien polonais (1810-1849)","nom/autre","36","N4","true"
"v1856","お客様","おきゃくさま","invité, client, visiteur (terme de respect équivalent à おきゃくさん)","nom/autre","36","N4","true"
"v1857","特別","とくべつ","particulier, spécial","adjectif-na","36","N4","true"
"v1858","して いらっしゃいます","して いらっしゃいます","faire (terme de respect équivalent à して います)","verbe","36","N4","true"
"v1859","水泳","すいえい","natation","nom/autre","36","N4","true"
"v1860","違います","ちがいます","être différent, varier","verbe","36","N4","true"
"v1861","使って いらっしゃるんですね。","つかって いらっしゃるんですね。","Vous l'utilisez, n'est-ce pas? (terme de respect équivalent à つかって いるんですね)","expression","36","N4","true"
"v1862","チャレンジします","チャレンジします","se lancer le défit","verbe","36","N4","true"
"v1863","気持ち","きもち","esprit, sentiment","nom/autre","36","N4","true"
"v1864","乗り物","のりもの","véhicule, moyen de transport","nom/autre","36","N4","true"
"v1865","ー世紀","ーせいき","－ème siècle","nom/autre","36","N4","true"
"v1866","遠く","とおく","loin, endroit lointain","nom/autre","36","N4","true"
"v1867","珍しい","めずらしい","rare, peu commun","nom/autre","36","N4","true"
"v1868","汽車","きしゃ","locomotive","nom/autre","36","N4","true"
"v1869","汽船","きせん","bateau à vapeur","nom/autre","36","N4","true"
"v1870","大勢の ～","おおぜいの ～","beaucoup de (personnes)","nom/autre","36","N4","true"
"v1871","運びます","はこびます","transporter, porter","verbe","36","N4","true"
"v1872","利用します","りようします","utiliser","verbe","36","N4","true"
"v1873","自由に","じゆうに","librement, en toute liberté","nom/autre","36","N4","true"
"v1874","届きます","とどきます","[un paquet] être livré, arriver","verbe","36","N4","true"
"v1875","出ます","でます","participer [à un match]","verbe","36","N4","true"
"v1876","打ちます","うちます","taper [à la machine à traitement de texte]","verbe","36","N4","true"
"v1877","太ります","ふとります","grossir, prendre du poids","verbe","36","N4","true"
"v1878","やせます","やせます","maigrir, perdre du poids","verbe","36","N4","true"
"v1879","硬い","かたい","dur, rigide, solide","nom/autre","36","N4","true"
"v1880","軟らかい","やわらかい","mou, tendre, souple","nom/autre","36","N4","true"
"v1881","電子～","でんし～","～ électronique","nom/autre","36","N4","true"
"v1882","携帯～","けいたい～","～ portable","nom/autre","36","N4","true"
"v1883","工場","こうじょう","usine","nom/autre","36","N4","true"
"v1884","健康","けんこう","santé","nom/autre","36","N4","true"
"v1885","～ずつ","～ずつ","～ par (par exemple : deux par deux, 1000yen par personne)","nom/autre","36","N4","true"
"v1886","その ほうが ～","その ほうが ～","Ceci est plus ～","nom/autre","36","N4","true"
"v1887","～とか、～とか","～とか、～とか","～, ～, et ainsi de suite","nom/autre","36","N4","true"
"v1888","タンゴ","タンゴ","tango","nom/autre","36","N4","true"
"v1889","歴史","れきし","histoire","nom/autre","36","N4","true"
"v1890","飛びます","とびます","voler","verbe","36","N4","true"
"v1891","安全","あんぜん","sûr, sans danger","adjectif-na","36","N4","true"
"v1892","地球","ちきゅう","terre, globe","nom/autre","36","N4","true"
"v1893","ライト兄弟","ライトきょうだい","frères Wright, pionniers américains de l'aviation ; Wilbur Wright (1867-1912) Orville Wright (1871-1948)","nom/autre","36","N4","true"
"v1894","褒めます","ほめます","féliciter, faire l'éloge","verbe","37","N4","true"
"v1895","しかります","しかります","gronder, réprimander","verbe","37","N4","true"
"v1896","誘います","さそいます","inviter qqn. à faire qqch./proposer à qqn. de faire qqch. ensemble","verbe","37","N4","true"
"v1897","招待します","しょうたいします","inviter","verbe","37","N4","true"
"v1898","頼みます","たのみます","demander, confier","verbe","37","N4","true"
"v1899","注意します","ちゅういします","faire une remarque, donner un conseil","verbe","37","N4","true"
"v1900","とります","とります","voler, dérober","verbe","37","N4","true"
"v1901","踏みます","ふみます","marcher sur","verbe","37","N4","true"
"v1902","壊します","こわします","casser, détruire","verbe","37","N4","true"
"v1903","汚します","よごします","salir","verbe","37","N4","true"
"v1904","行います","おこないます","tenir, effectuer, célébrer, pratiquer","verbe","37","N4","true"
"v1905","輸出します","ゆしゅつします","exporter","verbe","37","N4","true"
"v1906","輸入します","ゆにゅうします","importer","verbe","37","N4","true"
"v1907","翻訳します","ほんやくします","traduire","verbe","37","N4","true"
"v1908","発明します","はつめいします","inventer","verbe","37","N4","true"
"v1909","発見します","はっけんします","découvrir","verbe","37","N4","true"
"v1910","米","こめ","riz","nom/autre","37","N4","true"
"v1911","麦","むぎ","orge, blé","nom/autre","37","N4","true"
"v1912","石油","せきゆ","pétrole","nom/autre","37","N4","true"
"v1913","原料","げんりょう","matière première","nom/autre","37","N4","true"
"v1914","インスタントラーメン","インスタントラーメン","nouille instantanée","nom/autre","37","N4","true"
"v1915","デート","デート","rendez-vous","nom/autre","37","N4","true"
"v1916","泥棒","どろぼう","voleur","nom/autre","37","N4","true"
"v1917","警官","けいかん","agent de police","nom/autre","37","N4","true"
"v1918","世界中","せかいじゅう","le monde entier","nom/autre","37","N4","true"
"v1919","～中","～じゅう","～ entier, tout le ～","nom/autre","37","N4","true"
"v1920","－世紀","－せいき","－ème siècle","nom/autre","37","N4","true"
"v1921","何語","なにご","quelle langue","nom/autre","37","N4","true"
"v1922","誰か","だれか","quelqu'un","nom/autre","37","N4","true"
"v1923","よかったですね。","よかったですね。","C'est bien./Tant mieux./Je suis content pour vous.","expression","37","N4","true"
"v1924","オリンピック","オリンピック","jeux Olympiques","nom/autre","37","N4","true"
"v1925","ワールドカップ","ワールドカップ","Coupe du monde","nom/autre","37","N4","true"
"v1926","東大寺","とうだいじ","temple Todai-ji","nom/autre","37","N4","true"
"v1927","大仏","だいぶつ","Grand Bouddha","nom/autre","37","N4","true"
"v1928","江戸時代","えどじだい","époque Eddo (1603-1868)","nom/autre","37","N4","true"
"v1929","ポルトガル","ポルトガル","Portugal","nom/autre","37","N4","true"
"v1930","サウジアラビア","サウジアラビア","Arabie Saoudite","nom/autre","37","N4","true"
"v1931","ロシア","ロシア","Russie","nom/autre","37","N4","true"
"v1932","皆様","みなさま","Mesdames, Messieurs/tout le monde (terme de respect équivalent à みなさん)","nom/autre","37","N4","true"
"v1933","焼けます","やけます","[une maison] brûler","verbe","37","N4","true"
"v1934","その後","そのご","plus tard, par la suite, après cela","nom/autre","37","N4","true"
"v1935","世界遺産","せかいいさん","patrimoine mondial","nom/autre","37","N4","true"
"v1936","～の 一つ","～の ひとつ","un des ～","nom/autre","37","N4","true"
"v1937","金色","きんいろ","couleur dorée","nom/autre","37","N4","true"
"v1938","本物","ほんもの","objet véritable, authentique","nom/autre","37","N4","true"
"v1939","金","きん","or","nom/autre","37","N4","true"
"v1940","－キロ","－キロ","－ kilogramme(s), － kilomètre(s)","nom/autre","37","N4","true"
"v1941","美しい","うつくしい","beau, magnifique","nom/autre","37","N4","true"
"v1942","豪華","ごうか","splendide, luxueux, somptueux","adjectif-na","37","N4","true"
"v1943","彫刻","ちょうこく","sculpture, gravure","nom/autre","37","N4","true"
"v1944","言い伝え","いいつたえ","légende, tradition","nom/autre","37","N4","true"
"v1945","眠ります","ねむります","dormir","verbe","37","N4","true"
"v1946","彫ります","ほります","sculpter, graver","verbe","37","N4","true"
"v1947","仲間","なかま","camarade, collègue, ami","nom/autre","37","N4","true"
"v1948","しかし","しかし","mais, cependant","nom/autre","37","N4","true"
"v1949","その あと","その あと","après cela, par la suite, plus tard","nom/autre","37","N4","true"
"v1950","一生懸命","いっしょうけんめい","de toutes ses forces, avec zèle","nom/autre","37","N4","true"
"v1951","ねずみ","ねずみ","souris","nom/autre","37","N4","true"
"v1952","一匹も いません。","いっぴき もいません。","Il n'y a pas une (souris).","verbe","37","N4","true"
"v1953","東照宮","とうしょうぐう","temple shinto dédié à Tokugawa Ieyasu, situé à Nikko dans la préfecture de Tochigi","nom/autre","37","N4","true"
"v1954","眠り猫","ねむりねこ","Le chat qui dort (nom d'une sculpture sur bois)","nom/autre","37","N4","true"
"v1955","左甚五郎","ひだりじんごろう","sculpteur célèbre de l'époque Edo (1594-1651)","nom/autre","37","N4","true"
"v1956","起こします","おこします","réveiller qn.","verbe","37","N4","true"
"v1957","設計します","せっけいします","faire un plan, dessiner un plan","verbe","37","N4","true"
"v1958","建築家","けんちくか","architecte","nom/autre","37","N4","true"
"v1959","科学者","かがくしゃ","scientifique","nom/autre","37","N4","true"
"v1960","漫画","まんが","bande dessinée","nom/autre","37","N4","true"
"v1961","～に よって","～に よって","par ～","nom/autre","37","N4","true"
"v1962","ドミニカ","ドミニカ","République dominicaine","nom/autre","37","N4","true"
"v1963","ライト兄弟","ライトきょうだい","frères Wright, pionniers américains de l'aviation ; Wilbur Wright (1867-1912) Orville Wright (1871-1948)","nom/autre","37","N4","true"
"v1964","源氏物語","げんじものがたり","""Le Dit du Genji"" (roman japonais)","nom/autre","37","N4","true"
"v1965","紫式部","むらさきしきぶ","femme écrivain japonais de l'époque Heian (9ème siècle) qui a écrit ""Le Dit du Genji""(973?-1014?)","nom/autre","37","N4","true"
"v1966","グラハム・ベル","グラハム・ベル","Alexandre Graham Bell, inventeur américain (1847-1922)","nom/autre","37","N4","true"
"v1967","埋め立てます","うめたてます","remblayer, prendre sur (la mer)","verbe","37","N4","true"
"v1968","技術","ぎじゅつ","technologie, technique","nom/autre","37","N4","true"
"v1969","土地","とち","terre, terrain","nom/autre","37","N4","true"
"v1970","騒音","そうおん","bruit","nom/autre","37","N4","true"
"v1971","利用します","りようします","utiliser","verbe","37","N4","true"
"v1972","アクセス","アクセス","accès, moyen d'accès","nom/autre","37","N4","true"
"v1973","参加します","さんかします","participer [à un voyage]","verbe","38","N4","true"
"v1974","育てます","そだてます","élever, cultiver, nourrir","verbe","38","N4","true"
"v1975","運びます","はこびます","transporter, porter","verbe","38","N4","true"
"v1976","入院します","にゅういんします","entrer à l'hôpital, être hospitalisé","verbe","38","N4","true"
"v1977","退院します","たいいんします","sortir de l'hôpital","verbe","38","N4","true"
"v1978","入れます","いれます","mettre [le courant], établir [le contact]","verbe","38","N4","true"
"v1979","切ります","きります","couper [le courant/contact]","verbe","38","N4","true"
"v1980","掛けます","かけます","fermer [à clé]","verbe","38","N4","true"
"v1981","つきます","つきます","mentir, dire [un mensonge]","verbe","38","N4","true"
"v1982","気持ちが いい","きもちが いい","agréable, plaisant","nom/autre","38","N4","true"
"v1983","気持ちが 悪い","きもちが わるい","désagréable, déplaisant","nom/autre","38","N4","true"
"v1984","大きな ～","おおきな ～","grand ～","nom/autre","38","N4","true"
"v1985","小さな ～","ちいさな ～","petit ～","nom/autre","38","N4","true"
"v1986","赤ちゃん","あかちゃん","bébé","nom/autre","38","N4","true"
"v1987","小学校","しょうがっこう","école primaire","nom/autre","38","N4","true"
"v1988","中学校","ちゅうがっこう","collège","nom/autre","38","N4","true"
"v1989","駅前","えきまえ","zone en face de la gare","nom/autre","38","N4","true"
"v1990","海岸","かいがん","bord de la mer, plage","nom/autre","38","N4","true"
"v1991","工場","こうじょう","usine","nom/autre","38","N4","true"
"v1992","村","むら","village","nom/autre","38","N4","true"
"v1993","かな","かな","kana (hiragana et katakana)","nom/autre","38","N4","true"
"v1994","指輪","ゆびわ","bague","nom/autre","38","N4","true"
"v1995","電源","でんげん","prise électrique, contact","nom/autre","38","N4","true"
"v1996","習慣","しゅうかん","habitude","nom/autre","38","N4","true"
"v1997","健康","けんこう","santé","nom/autre","38","N4","true"
"v1998","～製","～せい","fabriqué en/au ～ (nom de pays)","nom/autre","38","N4","true"
"v1999","おととし","おととし","il y a deux ans","nom/autre","38","N4","true"
"v2000","いけない。","いけない。","[Ah] zut!/Oups! (expression utilisée quand on a commis une erreur, etc.)","expression","38","N4","true"
"v2001","お先に。","おさきに。","Excusez-moi (de partir avant vous)./Je vous laisse.","expression","38","N4","true"
"v2002","原爆ドーム","げんばくドーム","dôme commémoratif de l'explosion de la bombe atomique à Hiroshima","nom/autre","38","N4","true"
"v2003","出雲大社","いずもたいしゃ","temple shinto situé dans la ville d'Izumo dans la préfecture de Shimane","nom/autre","38","N4","true"
"v2004","チェンマイ","チェンマイ","Chiang Mai (en Thaïlande)","nom/autre","38","N4","true"
"v2005","回覧","かいらん","circulaire","nom/autre","38","N4","true"
"v2006","研究室","けんきゅうしつ","bureau de professeur, laboratoire de recherche","nom/autre","38","N4","true"
"v2007","きちんと","きちんと","bien, correctement","nom/autre","38","N4","true"
"v2008","整理します","せいりします","ranger, mettre en ordre","verbe","38","N4","true"
"v2009","方法","ほうほう","méthode, moyen","nom/autre","38","N4","true"
"v2010","～と いう","～と いう","intitulé ～, appelé ～","nom/autre","38","N4","true"
"v2011","－冊","－さつ","(auxiliaire numéral pour compter des livres, etc.)","nom/autre","38","N4","true"
"v2012","はんこ","はんこ","sceau","nom/autre","38","N4","true"
"v2013","押します","おします","apposer [son sceau]","verbe","38","N4","true"
"v2014","双子","ふたご","jumeaux","nom/autre","38","N4","true"
"v2015","姉妹","しまい","sœurs","nom/autre","38","N4","true"
"v2016","５年生","５ねんせい","5ème année (de l'école primaire)","nom/autre","38","N4","true"
"v2017","似て います","にて います","ressembler à, se ressembler","verbe","38","N4","true"
"v2018","性格","せいかく","caractère","nom/autre","38","N4","true"
"v2019","おとなしい","おとなしい","calme, sage, docile","nom/autre","38","N4","true"
"v2020","優しい","やさしい","gentil, doux","nom/autre","38","N4","true"
"v2021","世話を します","せわを します","s'occuper de qqn.","verbe","38","N4","true"
"v2022","時間が たちます","じかんが たちます","le temps passer, s'écouler","verbe","38","N4","true"
"v2023","大好き","だいすき","aimer beaucoup, adorer","adjectif-na","38","N4","true"
"v2024","－点","－てん","－ point(s)","nom/autre","38","N4","true"
"v2025","気が 強い","きが つよい","avoir un fort caractère","nom/autre","38","N4","true"
"v2026","けんかします","けんかします","se quereller, se disputer, se bagarrer","verbe","38","N4","true"
"v2027","不思議","ふしぎ","mystérieux, étranger, curieux","adjectif-na","38","N4","true"
"v2028","年齢","ねんれい","âge","nom/autre","38","N4","true"
"v2029","しかた","しかた","manière (de faire qqch.)","nom/autre","38","N4","true"
"v2030","亡くなります","なくなります","décéder, mourir (expression euphémique de しにます(L.39))","verbe","38","N4","true"
"v2031","うそ","うそ","mensonge, blague","nom/autre","38","N4","true"
"v2032","書類","しょるい","papiers, documents, dossier","nom/autre","38","N4","true"
"v2033","クラス","クラス","classe","nom/autre","38","N4","true"
"v2034","答えます","こたえます","répondre [à une question]","verbe","39","N4","true"
"v2035","倒れます","たおれます","[un immeuble] s'écrouler","verbe","39","N4","true"
"v2036","通ります","とおります","passer [dans la rue]","verbe","39","N4","true"
"v2037","死にます","しにます","mourir","verbe","39","N4","true"
"v2038","びっくりします","びっくりします","être étonné, être surpris","verbe","39","N4","true"
"v2039","がっかりします","がっかりします","être déçu","verbe","39","N4","true"
"v2040","安心します","あんしんします","être rassuré","verbe","39","N4","true"
"v2041","けんかします","けんかします","se quereller, se disputer, se bagarrer","verbe","39","N4","true"
"v2042","離婚します","りこんします","divorcer","verbe","39","N4","true"
"v2043","太ります","ふとります","grossir","verbe","39","N4","true"
"v2044","やせます","やせます","maigrir","verbe","39","N4","true"
"v2045","複雑","ふくざつ","complexe","adjectif-na","39","N4","true"
"v2046","邪魔","じゃま","gênant, encombrant","adjectif-na","39","N4","true"
"v2047","硬い","かたい","dur, rigide, solide","nom/autre","39","N4","true"
"v2048","軟らかい","やわらかい","tendre, mou, moelleux, doux","nom/autre","39","N4","true"
"v2049","汚い","きたない","sale","nom/autre","39","N4","true"
"v2050","うれしい","うれしい","content","nom/autre","39","N4","true"
"v2051","悲しい","かなしい","triste","nom/autre","39","N4","true"
"v2052","恥ずかしい","はずかしい","honteux, gêné, confus","nom/autre","39","N4","true"
"v2053","首相","しゅしょう","Premier ministre","nom/autre","39","N4","true"
"v2054","地震","じしん","tremblement de terre, séisme","nom/autre","39","N4","true"
"v2055","津波","つなみ","tremblement de terre, séisme","nom/autre","39","N4","true"
"v2056","台風","たいふう","typhon","nom/autre","39","N4","true"
"v2057","雷","かみなり","tonnerre, foudre, éclair","nom/autre","39","N4","true"
"v2058","火事","かじ","incendie","nom/autre","39","N4","true"
"v2059","事後","じご","accident","nom/autre","39","N4","true"
"v2060","ハイキング","ハイキング","randonnée, excursion","nom/autre","39","N4","true"
"v2061","見合い","みあい","(rendez-vous arrangé en vue d'un mariage éventuel)","nom/autre","39","N4","true"
"v2062","操作","そうさ","manipulation, manœuvre (～します : manipuler, manœuvrer)","nom/autre","39","N4","true"
"v2063","会場","かいじょう","salle, lieu de réunion, de manifestation, etc.","nom/autre","39","N4","true"
"v2064","～代","～だい","frais de ～","nom/autre","39","N4","true"
"v2065","～屋","～や","-er, -ère, etc. (commerçant, ex. boulanger)","nom/autre","39","N4","true"
"v2066","フロント","フロント","réception","nom/autre","39","N4","true"
"v2067","－号室","－ごうしつ","chambre n° －","nom/autre","39","N4","true"
"v2068","タオル","タオル","serviette","nom/autre","39","N4","true"
"v2069","せっけん","せっけん","savon","nom/autre","39","N4","true"
"v2070","大勢","おおぜい","beaucoup de monde, beaucoup de personnes","nom/autre","39","N4","true"
"v2071","お疲れ様でした。","おつかれさまでした。","Merci de la peine que vous vous êtes donnée. (expression utilisée envers des collègues ou des subalternes pour apprécier leur travail)","expression","39","N4","true"
"v2072","伺います。","うかがいます。","Je viens./J'y vais. (terme de modestie équivalent à いきます)","expression","39","N4","true"
"v2073","途中で","とちゅうで","en chemin, à mi-chemin","nom/autre","39","N4","true"
"v2074","トラック","トラック","camion, poids lourd","nom/autre","39","N4","true"
"v2075","ぶつかります","ぶつかります","(se) heurter, entrer en collision, percuter, cogner","verbe","39","N4","true"
"v2076","大人","おとな","adulte","nom/autre","39","N4","true"
"v2077","しかし","しかし","mais, cependant","nom/autre","39","N4","true"
"v2078","また","また","et puis, en plus","nom/autre","39","N4","true"
"v2079","洋服","ようふく","vêtement occidental","nom/autre","39","N4","true"
"v2080","西洋化します","せいようかします","s'occidentaliser","verbe","39","N4","true"
"v2081","合います","あいます","convenir à, aller bien à","verbe","39","N4","true"
"v2082","今では","いまでは","aujourd'hui, de nos jours, maintenant","nom/autre","39","N4","true"
"v2083","成人式","せいじんしき","cérémonie de la majorité","nom/autre","39","N4","true"
"v2084","伝統的","でんとうてき","traditionnel","adjectif-na","39","N4","true"
"v2085","焼けます","やけます","[une maison] brûler","verbe","39","N4","true"
"v2086","焼けます","やけます","[le pain] être grillé","verbe","39","N4","true"
"v2087","焼けます","やけます","[la viande] être rôtie, être cuite","verbe","39","N4","true"
"v2088","遅刻します","ちこくします","être en retard, arriver en retard","verbe","39","N4","true"
"v2089","早退します","そうたいします","rentrer plus tôt, quitter (l'école ou le bureau) avant la fin (des cours ou du travail)","verbe","39","N4","true"
"v2090","電話代","でんわだい","redevance téléphonique, frais de téléphone","nom/autre","39","N4","true"
"v2091","汗","あせ","transpiration (～を かきます : transpirer)","nom/autre","39","N4","true"
"v2092","並びます","ならびます","faire la queue, s'aligner","verbe","39","N4","true"
"v2093","数えます","かぞえます","compter","verbe","40","N4","true"
"v2094","測ります、量ります","はかります","mesurer, peser","verbe","40","N4","true"
"v2095","確かめます","たしかめます","vérifier, confirmer","verbe","40","N4","true"
"v2096","合います","あいます","[la taille] aller bien","verbe","40","N4","true"
"v2097","出発します","しゅっぱつします","partir","verbe","40","N4","true"
"v2098","到着します","とうちゃくします","arriver","verbe","40","N4","true"
"v2099","酔います","よいます","être ivre, s'enivrer","verbe","40","N4","true"
"v2100","うまく いきます","うまく いきます","se passer bien, marcher bien","verbe","40","N4","true"
"v2101","出ます","でます","[la question] être dans l'examen","verbe","40","N4","true"
"v2102","相談します","そうだんします","discuter, demander conseil, consulter","verbe","40","N4","true"
"v2103","必要","ひつよう","nécessaire","adjectif-na","40","N4","true"
"v2104","天気予報","てんきよほう","prévisions météorologiques","nom/autre","40","N4","true"
"v2105","忘年会","ぼうねんかい","soirée de fin d'année","nom/autre","40","N4","true"
"v2106","新年会","しんねんかい","réunion, soirée de Nouvel An","nom/autre","40","N4","true"
"v2107","二次会","にじかい","seconde partie de la soirée","nom/autre","40","N4","true"
"v2108","発表会","はっぴょうかい","réunion de présentation","nom/autre","40","N4","true"
"v2109","大会","たいかい","(grand) rassemblement, rencontre, congrès","nom/autre","40","N4","true"
"v2110","マラソン","マラソン","marathon","nom/autre","40","N4","true"
"v2111","コンテスト","コンテスト","concours","nom/autre","40","N4","true"
"v2112","表","おもて","endroit, côté face, recto","nom/autre","40","N4","true"
"v2113","裏","うら","envers, l'autre-côté, verso","nom/autre","40","N4","true"
"v2114","まちがい","まちがい","erreur, faute","nom/autre","40","N4","true"
"v2115","傷","きず","défaut, égratignure, blessure, plaie","nom/autre","40","N4","true"
"v2116","ズボン","ズボン","pantalon","nom/autre","40","N4","true"
"v2117","年寄り","としより","personne âgée","nom/autre","40","N4","true"
"v2118","長さ","ながさ","longueur","nom/autre","40","N4","true"
"v2119","重さ","おもさ","poids","nom/autre","40","N4","true"
"v2120","高さ","たかさ","hauteur","nom/autre","40","N4","true"
"v2121","大きさ","おおきさ","grandeur, taille, dimension","nom/autre","40","N4","true"
"v2122","便","びん","vol [－]","nom/autre","40","N4","true"
"v2123","－個","－こ","(auxiliaire numéral pour compter des petites choses)","nom/autre","40","N4","true"
"v2124","－本","－ほん（－ぽん、－ぼん）","(auxiliaire numéral pour compter des objects longs)","nom/autre","40","N4","true"
"v2125","－杯","－はい（－ぱい、－ばい）","－ tasse de, － verre de (auxiliaire numéral pour compter les boissons dans des tasses ou des verres)","nom/autre","40","N4","true"
"v2126","－センチ","－センチ","－ centimètre(s)","nom/autre","40","N4","true"
"v2127","－ミリ","－ミリ","－ millimètre(s)","nom/autre","40","N4","true"
"v2128","－グラム","－グラム","－ gramme(s)","nom/autre","40","N4","true"
"v2129","～以上","～いじょう","égal ou supérieur à ～/à partir de ～/～ ou plus","nom/autre","40","N4","true"
"v2130","～以下","～いか","égal ou inférieur à ～/～ ou moins","nom/autre","40","N4","true"
"v2131","長崎","ながさき","capitale de la préfecture de Nagasaki","nom/autre","40","N4","true"
"v2132","仙台","せんだい","capitale de la préfecture de Miyagi","nom/autre","40","N4","true"
"v2133","JL","JL","Japan Airlines","nom/autre","40","N4","true"
"v2134","七夕祭り","たなばたまつり","Fête des étoiles","nom/autre","40","N4","true"
"v2135","東照宮","とうしょうぐう","temple shinto dédié à Tokugawa Ieyasu, situé à Nikko dans la préfecture de Tochigi","nom/autre","40","N4","true"
"v2136","どうでしょうか。","どうでしょうか。","Comment cela se passe-t-il? (expression de politesse équivalente à どうですか)","expression","40","N4","true"
"v2137","テスト","テスト","examen","nom/autre","40","N4","true"
"v2138","成績","せいせき","résultat, note","nom/autre","40","N4","true"
"v2139","ところで","ところで","à propos","nom/autre","40","N4","true"
"v2140","いらっしゃいます","いらっしゃいます","venir (terme de respect équivalent à きます)","verbe","40","N4","true"
"v2141","様子","ようす","état, apparence, attitude","nom/autre","40","N4","true"
"v2142","事件","じけん","affaire, évènement, incident","nom/autre","40","N4","true"
"v2143","オートバイ","オートバイ","moto","nom/autre","40","N4","true"
"v2144","爆弾","ばくだん","bombe","nom/autre","40","N4","true"
"v2145","積みます","つみます","charger, embarquer","verbe","40","N4","true"
"v2146","運転手","うんてんしゅ","conducteur","nom/autre","40","N4","true"
"v2147","離れた","はなれた","éloigné, lointain","nom/autre","40","N4","true"
"v2148","急に","きゅうに","soudain, tout à coup","nom/autre","40","N4","true"
"v2149","動かします","うごかします","faire démarrer, faire marcher, manœuvrer","verbe","40","N4","true"
"v2150","一生懸命","いっしょうけんめい","de toutes ses forces, avec zèle","nom/autre","40","N4","true"
"v2151","犯人","はんにん","criminel, délinquant","nom/autre","40","N4","true"
"v2152","男","おとこ","homme","nom/autre","40","N4","true"
"v2153","手に 入れます","てに いれます","obtenir, se procurer","verbe","40","N4","true"
"v2154","今でも","いまでも","même maintenant, encore aujourd'hui","nom/autre","40","N4","true"
"v2155","危険","きけん","dangereux","adjectif-na","40","N4","true"
"v2156","宇宙","うちゅう","univers, espace","nom/autre","40","N4","true"
"v2157","地球","ちきゅう","terre, globe","nom/autre","40","N4","true"
"v2158","返事","へんじ","réponse","nom/autre","40","N4","true"
"v2159","申し込み","もうしこみ","demande, souscription, inscription","nom/autre","40","N4","true"
"v2160","ほんとう","ほんとう","vérité, réalité","nom/autre","40","N4","true"
"v2161","－号","－ごう","numéro － (train, typhon, etc.)","nom/autre","40","N4","true"
"v2162","－キロ","－キロ","－ kilogramme(s), － kilomètre(s)","nom/autre","40","N4","true"
"v2163","さあ","さあ","Hmm! (utilisé quand on n'est pas sûr de qch.)","nom/autre","40","N4","true"
"v2164","ゴッホ","ゴッホ","Vincent Van Gogh, peintre hollandais (1853-90)","nom/autre","40","N4","true"
"v2165","雪祭り","ゆきまつり","Fête de la neige à Sapporo","nom/autre","40","N4","true"
"v2166","のぞみ","のぞみ","nom d'un TGV japonais, Shinkansen","nom/autre","40","N4","true"
"v2167","クラス","クラス","classe","nom/autre","40","N4","true"
"v2168","が","が","mais","nom/autre","40","N4","true"
"v2169","うわさします","うわさします","potiner, commérer","verbe","40","N4","true"
"v2170","いただきます","いただきます","recevoir (terme de modestie équivalent à もらいます)","verbe","41","N4","true"
"v2171","くださいます","くださいます","donner (terme de respect équivalent à くれます)","verbe","41","N4","true"
"v2172","やります","やります","donner, offrir (à des personnes plus jeunes ou subordonnées, à des animaux, à des plantes, etc.)","verbe","41","N4","true"
"v2173","上げます","あげます","augmenter, faire monter, lever","verbe","41","N4","true"
"v2174","下げます","さげます","diminuer, faire baisser, baisser","verbe","41","N4","true"
"v2175","親切に します","しんせつに します","être gentil","verbe","41","N4","true"
"v2176","かわいい","かわいい","mignon, adorable","nom/autre","41","N4","true"
"v2177","珍しい","めずらしい","rare, peu commun","nom/autre","41","N4","true"
"v2178","お祝い","おいわい","célébration, félicitations, cadeau (～を します : fêter, féliciter)","nom/autre","41","N4","true"
"v2179","お年玉","おとしだま","étrennes (argent donné pour le Nouvel An)","nom/autre","41","N4","true"
"v2180","見舞い","みまい","(acte (visite, etc.) ou cadeau fait en témoignage de sympathie et de consolation à des personnes malades, blessées ou sinistrées, etc.)","nom/autre","41","N4","true"
"v2181","興味","きょうみ","intérêt (～が あります : s'intéresser [à l'ordinateur])","nom/autre","41","N4","true"
"v2182","情報","じょうほう","information","nom/autre","41","N4","true"
"v2183","文法","ぶんぽう","grammaire","nom/autre","41","N4","true"
"v2184","発音","はつおん","prononciation","nom/autre","41","N4","true"
"v2185","猿","さる","singe","nom/autre","41","N4","true"
"v2186","えさ","えさ","nourriture, pâture","nom/autre","41","N4","true"
"v2187","おもちゃ","おもちゃ","jouet","nom/autre","41","N4","true"
"v2188","絵本","えほん","livre d'images","nom/autre","41","N4","true"
"v2189","絵はがき","えはがき","carte postale illustrée","nom/autre","41","N4","true"
"v2190","ドライバー","ドライバー","tournevis","nom/autre","41","N4","true"
"v2191","ハンカチ","ハンカチ","mouchoir","nom/autre","41","N4","true"
"v2192","靴下","くつした","chaussettes, bas","nom/autre","41","N4","true"
"v2193","手袋","てぶくろ","gants","nom/autre","41","N4","true"
"v2194","幼稚園","ようちえん","école maternelle","nom/autre","41","N4","true"
"v2195","暖房","だんぼう","chauffage","nom/autre","41","N4","true"
"v2196","冷房","れいぼう","climatiseur","nom/autre","41","N4","true"
"v2197","温度","おんど","température","nom/autre","41","N4","true"
"v2198","祖父","そふ","(mon) grand-père","nom/autre","41","N4","true"
"v2199","祖母","そぼ","(ma) grand-mère","nom/autre","41","N4","true"
"v2200","孫","まご","(mes) petits-enfants","nom/autre","41","N4","true"
"v2201","お孫さん","おまごさん","petits-enfants (de quelqu'un d'autre)","nom/autre","41","N4","true"
"v2202","おじ","おじ","(mon) oncle","nom/autre","41","N4","true"
"v2203","おじさん","おじさん","oncle (de quelqu'un d'autre)","nom/autre","41","N4","true"
"v2204","おば","おば","(ma) tante","nom/autre","41","N4","true"
"v2205","おばさん","おばさん","tante (de quelqu'un d'autre)","nom/autre","41","N4","true"
"v2206","管理人","かんりにん","gardien, concierge","nom/autre","41","N4","true"
"v2207","～さん","～さん","(suffixe ajouté à un nom de métier ou un titre afin d'exprimer la politesse)","nom/autre","41","N4","true"
"v2208","この間","このあいだ","l'autre jouer","nom/autre","41","N4","true"
"v2209","ひとこと","ひとこと","quelques mots","nom/autre","41","N4","true"
"v2210","～ずつ","～ずつ","chacun","nom/autre","41","N4","true"
"v2211","二人","ふたり","couple","nom/autre","41","N4","true"
"v2212","お宅","おたく","maison (terme de respect équivalent de うち ou いえ)","nom/autre","41","N4","true"
"v2213","どうぞ お幸せに。","どうぞ おしあわせに。","Je vous souhaite beaucoup de bonheur.","expression","41","N4","true"
"v2214","昔話","むかしばなし","vieux conte, vieille histoire","nom/autre","41","N4","true"
"v2215","ある ～","ある ～","un ～, un certain ～","nom/autre","41","N4","true"
"v2216","男","おとこ","homme","nom/autre","41","N4","true"
"v2217","子どもたち","こどもたち","enfants","nom/autre","41","N4","true"
"v2218","いじめます","いじめます","persécuter, tourmenter, maltraiter","verbe","41","N4","true"
"v2219","かめ","かめ","tortue","nom/autre","41","N4","true"
"v2220","助けます","たすけます","sauver, secourir, apporter son aide","verbe","41","N4","true"
"v2221","優しい","やさしい","gentil, doux","nom/autre","41","N4","true"
"v2222","お姫様","おひめさま","princesse","nom/autre","41","N4","true"
"v2223","暮らします","くらします","vivre","verbe","41","N4","true"
"v2224","陸","りく","terre","nom/autre","41","N4","true"
"v2225","すると","すると","alors","nom/autre","41","N4","true"
"v2226","煙","けむり","fumée","nom/autre","41","N4","true"
"v2227","真っ白","まっしろ","tout blanc","adjectif-na","41","N4","true"
"v2228","中身","なかみ","contenu","nom/autre","41","N4","true"
"v2229","浦島太郎","うらしまたろう","nom du héros d'un vieux conte","nom/autre","41","N4","true"
"v2230","呼びます","よびます","inviter","verbe","41","N4","true"
"v2231","取り替えます","とりかえます","changer, remplacer","verbe","41","N4","true"
"v2232","指輪","ゆびわ","bague","nom/autre","41","N4","true"
"v2233","バッグ","バッグ","sac","nom/autre","41","N4","true"
"v2234","おととし","おととし","il y a deux ans","nom/autre","41","N4","true"
"v2235","はあ","はあ","je vois","nom/autre","41","N4","true"
"v2236","申し訳 ありません。","もうしわけ ありません。","Je suis désolé.","verbe","41","N4","true"
"v2237","預かります","あずかります","garder","verbe","41","N4","true"
"v2238","先日","せんじつ","l'autre jour","nom/autre","41","N4","true"
"v2239","助かります","たすかります","être sauvé (Vous me rendez un grand service.)","verbe","41","N4","true"
"v2240","城","しろ","château","nom/autre","41","N4","true"
"v2241","楽しく","たのしく","joyeusement, dans le bonheur","nom/autre","41","N4","true"
"v2242","包みます","つつみます","envelopper","verbe","42","N4","true"
"v2243","沸かします","わかします","faire bouillir, (faire) chauffer","verbe","42","N4","true"
"v2244","混ぜます","まぜます","mélanger","verbe","42","N4","true"
"v2245","計算します","けいさんします","calculer","verbe","42","N4","true"
"v2246","並びます","ならびます","faire la queue, s'aligner","verbe","42","N4","true"
"v2247","丈夫","じょうぶ","solide, résistant, vigoureux","adjectif-na","42","N4","true"
"v2248","アパート","アパート","appartement","nom/autre","42","N4","true"
"v2249","弁護士","べんごし","avocat","nom/autre","42","N4","true"
"v2250","音楽家","おんがくか","musicien","nom/autre","42","N4","true"
"v2251","子どもたち","こどもたち","enfants","nom/autre","42","N4","true"
"v2252","自然","しぜん","nature","nom/autre","42","N4","true"
"v2253","教育","きょういく","éducation","nom/autre","42","N4","true"
"v2254","文化","ぶんか","culture","nom/autre","42","N4","true"
"v2255","社会","しゃかい","société","nom/autre","42","N4","true"
"v2256","政治","せいじ","politique","nom/autre","42","N4","true"
"v2257","法律","ほうりつ","loi, droit","nom/autre","42","N4","true"
"v2258","戦争","せんそう","guerre","nom/autre","42","N4","true"
"v2259","平和","へいわ","paix","nom/autre","42","N4","true"
"v2260","目的","もくてき","but, objectif","nom/autre","42","N4","true"
"v2261","論文","ろんぶん","thèse, mémoire, article de recherche","nom/autre","42","N4","true"
"v2262","楽しみ","たのしみ","plaisir, divertissement, attente","nom/autre","42","N4","true"
"v2263","ミキサー","ミキサー","mixer, mixeur","nom/autre","42","N4","true"
"v2264","やかん","やかん","bouilloire","nom/autre","42","N4","true"
"v2265","ふた","ふた","capsule, couvercle","nom/autre","42","N4","true"
"v2266","栓抜き","せんぬき","décapsuleur, tire-bouchon","nom/autre","42","N4","true"
"v2267","缶切","かんきり","ouvre-boite","nom/autre","42","N4","true"
"v2268","缶詰","かんづめ","conserve, boîte de conserve","nom/autre","42","N4","true"
"v2269","のし袋","のしぶくろ","enveloppe spéciale pour offrir une somme d'argent","nom/autre","42","N4","true"
"v2270","ふろしき","ふろしき","carré de tissu servant à envelopper et transporter des objets","nom/autre","42","N4","true"
"v2271","そろばん","そろばん","boulier japonais","nom/autre","42","N4","true"
"v2272","体温計","たいおんけい","thermomètre médical","nom/autre","42","N4","true"
"v2273","材料","ざいりょう","ingrédient, matière, matériaux","nom/autre","42","N4","true"
"v2274","ある ～","ある ～","un ～, un certain ～","nom/autre","42","N4","true"
"v2275","一生懸命","いっしょうけんめい","de toute ses forces, avec zèle","nom/autre","42","N4","true"
"v2276","なぜ","なぜ","pourquoi","nom/autre","42","N4","true"
"v2277","どのくらい","どのくらい","(à peu près) combien (quantité, nombre)","nom/autre","42","N4","true"
"v2278","国連","こくれん","ONU (Organisation des Nations Unies)","nom/autre","42","N4","true"
"v2279","エリーゼの ために","エリーゼの ために","Lettre à Élise","nom/autre","42","N4","true"
"v2280","ベートーベン","ベートーベン","Ludwig van Beethoven, compositeur allemand (1770-1827)","nom/autre","42","N4","true"
"v2282","出ます","でます","toucher [son bonus]","verbe","42","N4","true"
"v2283","半分","はんぶん","moitié","nom/autre","42","N4","true"
"v2284","ローン","ローン","crédit, prêt","nom/autre","42","N4","true"
"v2285","カップめん","カップめん","nouilles instantanées vendues dans un bol jetable","nom/autre","42","N4","true"
"v2286","世界初","せかいはつ","le premier dans le monde","nom/autre","42","N4","true"
"v2287","～に よって","～に よって","par ～","nom/autre","42","N4","true"
"v2288","どんぶり","どんぶり","grand bol","nom/autre","42","N4","true"
"v2289","めん","めん","nouilles","nom/autre","42","N4","true"
"v2290","広めます","ひろめます","répandre, diffuser, populariser","verbe","42","N4","true"
"v2291","市場調査","しじょうちょうさ","étude de marché","nom/autre","42","N4","true"
"v2292","割ります","わります","casser, couper","verbe","42","N4","true"
"v2293","注ぎます","そそぎます","verser","verbe","42","N4","true"
"v2294","チキンラーメン","チキンラーメン","nom d'un produit commercial de nouille instantanée","nom/autre","42","N4","true"
"v2295","安藤百福","あんどうももふく","homme d'affaires et inventeur japonais (1910-2007)","nom/autre","42","N4","true"
"v2296","厚い","あつい","épais, gros","nom/autre","42","N4","true"
"v2297","薄い","うすい","mince, fin","nom/autre","42","N4","true"
"v2298","二人","ふたり","couple","nom/autre","42","N4","true"
"v2299","歴史","れきし","histoire","nom/autre","42","N4","true"
"v2300","安全","あんぜん","sécurité","nom/autre","42","N4","true"
"v2301","関係","かんけい","relation, rapport","nom/autre","42","N4","true"
"v2302","石","いし","pierre","nom/autre","42","N4","true"
"v2303","ピラミッド","ピラミッド","pyramide","nom/autre","42","N4","true"
"v2304","データ","データ","donnée","nom/autre","42","N4","true"
"v2305","ファイル","ファイル","classeur, chemise","nom/autre","42","N4","true"
"v2306","ポーランド","ポーランド","Pologne","nom/autre","42","N4","true"
"v2307","セット","セット","attirail, service, jeu","nom/autre","42","N4","true"
"v2308","あと","あと","ce qui (me) restera","nom/autre","42","N4","true"
"v2309","カップラーメン","カップラーメン","nouilles chinoises vendues dans un bol en carton jetable","nom/autre","42","N4","true"
"v2310","インスタントラーメン","インスタントラーメン","nouilles chinoises instantanées","nom/autre","42","N4","true"
"v2311","なべ","なべ","marmite, casserole","nom/autre","42","N4","true"
"v2312","食品","しょくひん","alimentation, nourriture","nom/autre","42","N4","true"
"v2313","調査","ちょうさ","enquête, investigation, recherches","nom/autre","42","N4","true"
"v2314","カップ","カップ","tasse","nom/autre","42","N4","true"
"v2315","また","また","et","nom/autre","42","N4","true"
"v2316","～の 代わりに","～の かわりに","à la place de ～, au lieu de ～","nom/autre","42","N4","true"
"v2317","どこででも","どこででも","n'importe où","nom/autre","42","N4","true"
"v2318","今では","いまでは","aujourd'hui, maintenant","nom/autre","42","N4","true"
"v2319","増えます","ふえます","[l'exportation] augmenter","verbe","43","N4","true"
"v2320","減ります","へります","[l'exportation] diminuer","verbe","43","N4","true"
"v2321","上がります","あがります","[le prix] monter","verbe","43","N4","true"
"v2322","下がります","さがります","[le prix] baisser","verbe","43","N4","true"
"v2323","切れます","きれます","[une ficelle] (se) casser","verbe","43","N4","true"
"v2324","とれます","とれます","[un bouton] partir","verbe","43","N4","true"
"v2325","落ちます","おちます","[un baggage] tomber","verbe","43","N4","true"
"v2326","なくなります","なくなります","il n'y a plus d'[essence], disparaître","verbe","43","N4","true"
"v2327","変","へん","bizarre, étrange","adjectif-na","43","N4","true"
"v2328","幸せ","しあわせ","heureux","adjectif-na","43","N4","true"
"v2329","楽","らく","facile","adjectif-na","43","N4","true"
"v2330","うまい","うまい","bon, délicieux, succulent","nom/autre","43","N4","true"
"v2331","まずい","まずい","pas bon, insipide","nom/autre","43","N4","true"
"v2332","つまらない","つまらない","sans intérêt, ennuyeux, insignifiant, banal","nom/autre","43","N4","true"
"v2333","優しい","やさしい","gentil, doux","nom/autre","43","N4","true"
"v2334","ガソリン","ガソリン","essence","nom/autre","43","N4","true"
"v2335","火","ひ","feu","nom/autre","43","N4","true"
"v2336","パンフレット","パンフレット","brochure, prospectus","nom/autre","43","N4","true"
"v2337","今にも","いまにも","d'un moment à l'autre (utilisé pour décrire une situation juste avant le changement)","nom/autre","43","N4","true"
"v2338","わあ","わあ","Oh!/Ouah!","nom/autre","43","N4","true"
"v2339","ばら","ばら","rose","nom/autre","43","N4","true"
"v2340","ドライブ","ドライブ","promenade en voiture","nom/autre","43","N4","true"
"v2341","理由","りゆう","raison","nom/autre","43","N4","true"
"v2342","謝ります","あやまります","demander pardon","verbe","43","N4","true"
"v2343","知り合います","しりあいます","faire connaissance","verbe","43","N4","true"
"v2344","丈夫","じょうぶ","solide, résistant, bien portant","adjectif-na","43","N4","true"
"v2345","暖房","だんぼう","chauffage","nom/autre","43","N4","true"
"v2346","冷房","れいぼう","climatisation","nom/autre","43","N4","true"
"v2347","センス","センス","goût (～が あります : avoir bon goût [pour s'habiller])","nom/autre","43","N4","true"
"v2348","会員","かいいん","membre","nom/autre","43","N4","true"
"v2349","適当","てきとう","convenable, qui convient","adjectif-na","43","N4","true"
"v2350","年齢","ねんれい","âge","nom/autre","43","N4","true"
"v2351","収入","しゅうにゅう","revenu","nom/autre","43","N4","true"
"v2352","ぴったり","ぴったり","parfaitement, exactement","nom/autre","43","N4","true"
"v2353","そのうえ","そのうえ","de plus, en outre","nom/autre","43","N4","true"
"v2354","～と いいます","～と いいます","s'appeler ～","verbe","43","N4","true"
"v2355","泣きます","なきます","pleurer","verbe","44","N4","true"
"v2356","笑います","わらいます","rire","verbe","44","N4","true"
"v2357","眠ります","ねむります","sleep","verbe","44","N4","true"
"v2358","乾きます","かわきます","[une chemise] sécher","verbe","44","N4","true"
"v2359","ぬれます","ぬれます","[une chemise] être mouillée","verbe","44","N4","true"
"v2360","滑ります","すべります","glisser","verbe","44","N4","true"
"v2361","起きます","おきます","[un accident] se produire, arriver","verbe","44","N4","true"
"v2362","調節します","ちょうせつします","régler, ajuster","verbe","44","N4","true"
"v2363","安全","あんぜん","sûr, sans danger","adjectif-na","44","N4","true"
"v2364","危険","きけん","dangereux","adjectif-na","44","N4","true"
"v2365","濃い","こい","fort, relevé, corsé (goût), foncé (couleur)","nom/autre","44","N4","true"
"v2366","薄い","うすい","moins salé, fade, léger (goût), clair (couleur), mince (épaisseur)","nom/autre","44","N4","true"
"v2367","厚い","あつい","épais (épaisseur)","nom/autre","44","N4","true"
"v2368","太い","ふとい","gros (grand diamètre)","nom/autre","44","N4","true"
"v2369","細い","ほそい","fin (petit diamètre)","nom/autre","44","N4","true"
"v2370","空気","くうき","air","nom/autre","44","N4","true"
"v2371","涙","なみだ","larme","nom/autre","44","N4","true"
"v2372","和食","わしょく","plat japonais, cuisine japonaise","nom/autre","44","N4","true"
"v2373","洋食","ようしょく","plat occidental, cuisine occidentale","nom/autre","44","N4","true"
"v2374","御数","おかず","plat (d'accompagnement), mets","nom/autre","44","N4","true"
"v2375","量","りょう","quantité","nom/autre","44","N4","true"
"v2376","－倍","－ばい","－ fois","nom/autre","44","N4","true"
"v2377","シングル","シングル","chambre à un lit","nom/autre","44","N4","true"
"v2378","ツイン","ツイン","chambre à deux lits","nom/autre","44","N4","true"
"v2379","洗濯物","せんたくもの","lessive, linge (à laver)","nom/autre","44","N4","true"
"v2380","DVD","DVD","DVD","nom/autre","44","N4","true"
"v2382","どう なさいますか。","どう なさいますか。","Qu'est-ce qu'on vous fait (aujourd'hui)? (expression de respect)","expression","44","N4","true"
"v2383","カット","カット","coupe","nom/autre","44","N4","true"
"v2384","シャンプー","シャンプー","shampoing (～を します : (se) faire un shampoing)","nom/autre","44","N4","true"
"v2385","どういうふうに なさいますか。","どういうふうに なさいますか。","Comment voulez-vous que je coupe vos cheveux? (expression de respect)","expression","44","N4","true"
"v2386","ショート","ショート","court","nom/autre","44","N4","true"
"v2387","～みたいに して ください。","～みたいに して ください。","Pouvez-vous faire comme ～?","expression","44","N4","true"
"v2388","これで よろしいでしょうか。","これで よろしいでしょうか。","Est-ce que ça va comme ça? (expression de politesse)","expression","44","N4","true"
"v2389","お疲れさまでした。","おつかれさまでした。","Merci beaucoup pour votre patience. (expression utilisée par l'employé(e) du salon de coiffure à l'égard d'un(e) client(e)).","expression","44","N4","true"
"v2390","嫌がります","いやがります","répugner, détester","verbe","44","N4","true"
"v2391","また","また","en plus, et puis","nom/autre","44","N4","true"
"v2392","うまく","うまく","bien, habilement","nom/autre","44","N4","true"
"v2393","順序","じゅんじょ","ordre","nom/autre","44","N4","true"
"v2394","安心","あんしん","être rassuré","adjectif-na","44","N4","true"
"v2395","表現","ひょうげん","expression","nom/autre","44","N4","true"
"v2396","例えば","たとえば","par exemple","nom/autre","44","N4","true"
"v2397","別れます","わかれます","quitter, se séparer","verbe","44","N4","true"
"v2398","これら","これら","ceux-ci, celles-ci","nom/autre","44","N4","true"
"v2399","縁起が 悪い","えんぎが わるい","être de mauvais augure, porter malheur","nom/autre","44","N4","true"
"v2400","丁寧","ていねい","poli, courtois, soigneux","adjectif-na","44","N4","true"
"v2401","細かい","こまかい","fin, menu","nom/autre","44","N4","true"
"v2402","半分","はんぶん","moitié","nom/autre","44","N4","true"
"v2403","箪笥","たんす","commode, armoire","nom/autre","44","N4","true"
"v2404","理由","りゆう","raison","nom/autre","44","N4","true"
"v2405","信じます","しんじます","croire","verbe","45","N4","true"
"v2406","キャンセルします","キャンセルします","annuler","verbe","45","N4","true"
"v2407","知らせます","しらせます","informer, annoncer, avertir","verbe","45","N4","true"
"v2408","保証書","ほしょうしょ","bon de garantie","nom/autre","45","N4","true"
"v2409","領収書","りょうしゅうしょ","quittance, reçu","nom/autre","45","N4","true"
"v2410","キャンプ","キャンプ","camping","nom/autre","45","N4","true"
"v2411","中止","ちゅうし","annulation, suspension, interruption","nom/autre","45","N4","true"
"v2412","点","てん","point, note","nom/autre","45","N4","true"
"v2413","梅","うめ","(fleur de) prunier","nom/autre","45","N4","true"
"v2414","１１０番","１１０ばん","numéro d'appel d'urgence de la police","nom/autre","45","N4","true"
"v2415","１１９番","１１９ばん","numéro d'appel d'urgence des sapeurs-pompiers","nom/autre","45","N4","true"
"v2416","急に","きゅうに","soudain, tout d'un coup, à la dernière minute","nom/autre","45","N4","true"
"v2417","無理に","むりに","de force, de manière déraisonnable","nom/autre","45","N4","true"
"v2418","楽しみに して います","たのしみに して います","attendre qqch. avec plaisir","verbe","45","N4","true"
"v2419","以上です。","いじょうです。","C'est tout./Voilà","expression","45","N4","true"
"v2420","係員","かかりいん","organisateur","nom/autre","45","N4","true"
"v2421","コース","コース","parcours, itinéraire","nom/autre","45","N4","true"
"v2422","スタート","スタート","départ","nom/autre","45","N4","true"
"v2423","－位","－い","en －ème place","nom/autre","45","N4","true"
"v2424","優勝します","ゆうしょうします","remporter la victoire, gagner le premier prix","verbe","45","N4","true"
"v2425","悩み","なやみ","souci, ennui","nom/autre","45","N4","true"
"v2426","目覚まし","めざまし","réveil, réveille-matin","nom/autre","45","N4","true"
"v2427","目が 覚めます","めが さめます","se réveiller","verbe","45","N4","true"
"v2428","大学生","だいがくせい","étudiant","nom/autre","45","N4","true"
"v2429","回答","かいとう","réponse (～します : répondre)","nom/autre","45","N4","true"
"v2430","鳴ります","なります","sonner","verbe","45","N4","true"
"v2431","セットします","セットします","mettre (le réveil à － heures)","verbe","45","N4","true"
"v2432","それでも","それでも","malgré cela, toutefois","nom/autre","45","N4","true"
"v2433","謝ります","あやまります","s'excuser","verbe","45","N4","true"
"v2434","あいます","あいます","être surpris par, avoir [un accident]","verbe","45","N4","true"
"v2435","用意します","よういします","préparer","verbe","45","N4","true"
"v2436","うまく いきます","うまく いきます","se passer bien, marcher bien","verbe","45","N4","true"
"v2437","贈り物","おくりもの","cadeau (～を します : offrir un cadeau)","nom/autre","45","N4","true"
"v2438","間違い電話","まちがいでんわ","mauvais numéro (de téléphone)","nom/autre","45","N4","true"
"v2439","係","かかり","préposé, personne qui est chargée de ～","nom/autre","45","N4","true"
"v2440","レバー","レバー","levier","nom/autre","45","N4","true"
"v2441","札","さつ","billet [de － yen]","nom/autre","45","N4","true"
"v2442","ちゃんと","ちゃんと","correctement, sans faute","nom/autre","45","N4","true"
"v2443","眠ります","ねむります","dormir","verbe","45","N4","true"
"v2444","渡します","わたします","passer, remettre qqch. à qqn.","verbe","46","N4","true"
"v2445","帰って 来ます","かえって きます","revenir","verbe","46","N4","true"
"v2446","出ます","でます","[le bus] partir","verbe","46","N4","true"
"v2447","届きます","とどきます","[le paquet] arriver","verbe","46","N4","true"
"v2448","入学します","にゅうがくします","entrer [à université]","verbe","46","N4","true"
"v2449","卒業します","そつぎょうします","sortir [de l'université], finir ses études [de l'université]","verbe","46","N4","true"
"v2450","焼きます","やきます","(faire) cuire, griller, (faire) rôtir","verbe","46","N4","true"
"v2451","焼けます","やけます","[le pain] cuire, être cuit","verbe","46","N4","true"
"v2452","焼けます","やけます","[la viande] griller, être grillée","verbe","46","N4","true"
"v2453","留守","るす","absence","nom/autre","46","N4","true"
"v2454","宅配便","たくはいびん","service de livraison à domicile, paquet livré à domicile","nom/autre","46","N4","true"
"v2455","原因","げんいん","cause","nom/autre","46","N4","true"
"v2456","こちら","こちら","mon côté","nom/autre","46","N4","true"
"v2457","～の 所","～の ところ","là où il y a ～, près de ～, chez ～","nom/autre","46","N4","true"
"v2458","半年","はんとし","semestre, six mois","nom/autre","46","N4","true"
"v2459","ちょうど","ちょうど","juste, exactement","nom/autre","46","N4","true"
"v2460","たった今","たったいま","à l'instant même (utilisé avec la forme au passé, indiquant l'accomplissement)","nom/autre","46","N4","true"
"v2461","今 いいですか。","いま いいですか。","Je ne vous dérange pas maintenant?","expression","46","N4","true"
"v2462","ガスサービスセンター","ガスサービスセンター","centre de service du gaz","nom/autre","46","N4","true"
"v2463","ガスレンジ","ガスレンジ","cuisinière à gaz","nom/autre","46","N4","true"
"v2464","具合","ぐあい","état, fonctionnement","nom/autre","46","N4","true"
"v2465","申し訳ありません。","もうしわけありません。","Excusez-moi.","verbe","46","N4","true"
"v2466","どちら様でしょうか。","どちらさまでしょうか。","Puis-je connaître votre nom?","expression","46","N4","true"
"v2467","お待たせしました。","おまたせしました。","Excusez-moi de vous avoir fait attendre.","verbe","46","N4","true"
"v2468","向かいます","むかいます","être en route pour, se diriger vers","verbe","46","N4","true"
"v2469","ついて います","ついて います","avoir de la chance","verbe","46","N4","true"
"v2470","床","ゆか","sol, plancher","nom/autre","46","N4","true"
"v2471","転びます","ころびます","tomber (en glissant, etc.)","verbe","46","N4","true"
"v2472","ベル","ベル","sonnette","nom/autre","46","N4","true"
"v2473","鳴ります","なります","sonner","verbe","46","N4","true"
"v2474","慌てて","あわてて","précipitamment","nom/autre","46","N4","true"
"v2475","順番に","じゅんばんに","par ordre","nom/autre","46","N4","true"
"v2476","出来事","できごと","incident","nom/autre","46","N4","true"
"v2477","注射","ちゅうしゃ","piqûre, injection","nom/autre","46","N4","true"
"v2478","食欲","しょくよく","appétit","nom/autre","46","N4","true"
"v2479","パンフレット","パンフレット","brochure, dépliant","nom/autre","46","N4","true"
"v2480","ステレオ","ステレオ","stéréo","nom/autre","46","N4","true"
"v2481","今 いいでしょうか。","いま いいでしょうか。","Je ne vous dérange pas maintenant?","expression","46","N4","true"
"v2482","知識","ちしき","connaissance","nom/autre","46","N4","true"
"v2483","宝庫","ほうこ","trésor","nom/autre","46","N4","true"
"v2484","手に入ります","てにはいります","obtenir [des informations]","verbe","46","N4","true"
"v2485","システム","システム","système","nom/autre","46","N4","true"
"v2486","例えば","たとえば","par exemple","nom/autre","46","N4","true"
"v2487","キーワード","キーワード","mot-clé","nom/autre","46","N4","true"
"v2488","一部分","いちぶぶん","une partie","nom/autre","46","N4","true"
"v2489","入力します","にゅうりょくします","introduire","verbe","46","N4","true"
"v2490","秒","びょう","seconde","nom/autre","46","N4","true"
"v2491","出ます","でます","[un livre] paraître, être publié","verbe","46","N4","true"
"v2492","吹きます","ふきます","[le vent] souffler","verbe","47","N4","true"
"v2493","燃えます","もえます","[l'ordure] brûler","verbe","47","N4","true"
"v2494","亡くなります","なくなります","décéder (expression euphémique de しにます)","verbe","47","N4","true"
"v2495","集まります","あつまります","[les gens] s'attrouper, se rassembler","verbe","47","N4","true"
"v2496","別れます","わかれます","[les gens] se séparer, se quitter","verbe","47","N4","true"
"v2497","します","します","[le bruit/la voix] s'entendre","verbe","47","N4","true"
"v2498","します","します","avoir [un/le goût de...]","verbe","47","N4","true"
"v2499","します","します","avoir [une odeur de...], sentir","verbe","47","N4","true"
"v2500","厳しい","きびしい","sévère, strict, dur","nom/autre","47","N4","true"
"v2501","ひどい","ひどい","affreux, terrible, violent","nom/autre","47","N4","true"
"v2502","怖い","こわい","horrible, effrayant, redoutable","nom/autre","47","N4","true"
"v2503","実験","じっけん","expérience","nom/autre","47","N4","true"
"v2504","データ","データ","donnée","nom/autre","47","N4","true"
"v2505","人口","じんこう","population","nom/autre","47","N4","true"
"v2506","におい","におい","odeur","nom/autre","47","N4","true"
"v2507","科学","かがく","science","nom/autre","47","N4","true"
"v2508","医学","いがく","médecine","nom/autre","47","N4","true"
"v2509","文学","ぶんがく","littérature","nom/autre","47","N4","true"
"v2510","パトカー","パトカー","voiture de police","nom/autre","47","N4","true"
"v2511","救急車","きゅうきゅうしゃ","ambulance","nom/autre","47","N4","true"
"v2512","賛成","さんせい","accord, approbation, consentement","nom/autre","47","N4","true"
"v2513","反対","はんたい","opposition, objection","nom/autre","47","N4","true"
"v2514","大統領","だいとうりょう","président","nom/autre","47","N4","true"
"v2515","～に よると","～に よると","d'après ～, selon ～ (expression indiquant la source d'information)","nom/autre","47","N4","true"
"v2516","婚約します","こんやくします","se fiancer","verbe","47","N4","true"
"v2517","どうも","どうも","(terme souvent utilisé avec l'expression de conjecture : il me semble bien que...)","expression","47","N4","true"
"v2518","恋人","こいびと","amoureux, amoureuse, petit(e) ami(e)","nom/autre","47","N4","true"
"v2519","相手","あいて","l'autre personne, partenaire","nom/autre","47","N4","true"
"v2520","知り合います","しりあいます","faire connaissance","verbe","47","N4","true"
"v2521","化粧","けしょう","maquillage (～を します : se maquiller, maquiller qqn.)","nom/autre","47","N4","true"
"v2522","世話を します","せわを します","s'occuper de qqn.","verbe","47","N4","true"
"v2523","女性","じょせい","femme, dame","nom/autre","47","N4","true"
"v2524","男性","だんせい","homme","nom/autre","47","N4","true"
"v2525","長生き","ながいき","longue vie (～します : vire longtemps)","nom/autre","47","N4","true"
"v2526","理由","りゆう","raison","nom/autre","47","N4","true"
"v2527","関係","かんけい","relation","nom/autre","47","N4","true"
"v2528","さします","さします","ouvrir, tenir [un parapluie]","verbe","47","N4","true"
"v2529","天気予報","てんきよほう","prévisions météorologiques","nom/autre","47","N4","true"
"v2530","発表","はっぴょう","annonce, publication, présentation","nom/autre","47","N4","true"
"v2531","バリ","バリ","[l'île de] Bali (en Indonésie)","nom/autre","47","N4","true"
"v2532","イラン","イラン","Iran","nom/autre","47","N4","true"
"v2533","カリフォルニア","カリフォルニア","Californie (aux États-Unis)","nom/autre","47","N4","true"
"v2534","グアム","グアム","Guam","nom/autre","47","N4","true"
"v2535","平均寿命","へいきんじゅみょう","longévité moyenne, durée moyenne de vie","nom/autre","47","N4","true"
"v2536","比べます","くらべます","comparer avec [les hommes]","verbe","47","N4","true"
"v2537","博士","はかせ","docteur","nom/autre","47","N4","true"
"v2538","脳","のう","cerveau","nom/autre","47","N4","true"
"v2539","ホルモン","ホルモン","hormone","nom/autre","47","N4","true"
"v2540","化粧品","けしょうひん","produits de beauté","nom/autre","47","N4","true"
"v2541","調べ","しらべ","recherches, enquête","nom/autre","47","N4","true"
"v2542","降ろします、下ろします","おろします","descendre, décharger","verbe","48","N4","true"
"v2543","届けます","とどけます","livrer, envoyer","verbe","48","N4","true"
"v2544","世話を します","せわを します","s'occuper de qqn.","verbe","48","N4","true"
"v2545","録音します","ろくおんします","enregistrer","verbe","48","N4","true"
"v2546","嫌","いや","ne pas aimer, déplaisant","adjectif-na","48","N4","true"
"v2547","塾","じゅく","cours privé, cours du soir (pour le soutien, le concours, etc.)","nom/autre","48","N4","true"
"v2548","生徒","せいと","élève","nom/autre","48","N4","true"
"v2549","ファイル","ファイル","classeur","nom/autre","48","N4","true"
"v2550","自由に","じゆうに","librement, en toute liberté","nom/autre","48","N4","true"
"v2551","～間","～かん","pendant ～ (pour la durée)","nom/autre","48","N4","true"
"v2552","いい ことですね。","いい ことですね。","C'est bien.","expression","48","N4","true"
"v2553","お忙しいですか。","おいそがしいですか。","Êtes-vous occupé? (utilisé lorsqu'on s'adresse à qqn. de supérieur ou de plus âgé)","expression","48","N4","true"
"v2554","営業","えいぎょう","vente, activité commerciale","nom/autre","48","N4","true"
"v2555","それまでに","それまでに","avant cela, d'ici là","nom/autre","48","N4","true"
"v2556","かまいません。","かまいません。","Je n'y vois pas d'inconvénient.","verbe","48","N4","true"
"v2557","楽しみます","たのしみます","s'amuser","verbe","48","N4","true"
"v2558","親","おや","parent","nom/autre","48","N4","true"
"v2559","小学生","しょうがくせい","écolier","nom/autre","48","N4","true"
"v2560","－パーセント","－パーセント","－ pour cent (%)","nom/autre","48","N4","true"
"v2561","その 次","その つぎ","ensuite","nom/autre","48","N4","true"
"v2562","習字","しゅうじ","calligraphie","nom/autre","48","N4","true"
"v2563","普通の","ふつうの","courant, ordinaire","nom/autre","48","N4","true"
"v2564","厳しい","きびしい","sévère, strict","nom/autre","48","N4","true"
"v2565","スケジュール","スケジュール","programme, plan","nom/autre","48","N4","true"
"v2566","者","もの","personne (celui qui est de son groupe ou son subordonné)","nom/autre","48","N4","true"
"v2567","入管","にゅうかん","Office national d'immigration","nom/autre","48","N4","true"
"v2568","再入国ビザ","さいにゅうこくビザ","visa de rentrée","nom/autre","48","N4","true"
"v2569","久しぶり","ひさしぶり","il y a longtemps que","nom/autre","48","N4","true"
"v2570","もともと","もともと","originairement, originellement","nom/autre","48","N4","true"
"v2571","－世紀","－せいき","-ème siècle","nom/autre","48","N4","true"
"v2572","代わりを します","かわりを します","remplacer, prendre la place de","verbe","48","N4","true"
"v2573","スピード","スピード","vitesse","nom/autre","48","N4","true"
"v2574","競走します","きょうそうします","disputer une course, lutter de vitesse avec qn.","verbe","48","N4","true"
"v2575","サーカス","サーカス","cirque","nom/autre","48","N4","true"
"v2576","芸","げい","jeu, tour (d'adresse)","nom/autre","48","N4","true"
"v2577","美しい","うつくしい","beau","nom/autre","48","N4","true"
"v2578","姿","すがた","figure, silhouette, aspect","nom/autre","48","N4","true"
"v2579","心","こころ","cœur, âme","nom/autre","48","N4","true"
"v2580","とらえます","とらえます","saisir, capturer, conquérir","verbe","48","N4","true"
"v2581","～に よって","～に よって","pour ～","nom/autre","48","N4","true"
"v2582","利用します","りようします","utiliser","verbe","49","N4","true"
"v2583","勤めます","つとめます","travailler, être employé [dans une société]","verbe","49","N4","true"
"v2584","掛けます","かけます","s'asseoir [sur une chaise]","verbe","49","N4","true"
"v2585","過ごします","すごします","passer (le temps)","verbe","49","N4","true"
"v2586","いらっしゃいます","いらっしゃいます","être, aller, venir (terme de respect équivalent à います, いきます et きます)","verbe","49","N4","true"
"v2587","召し上がります","めしあがります","manger, boire (terme de respect équivalent à たべます et のみます)","verbe","49","N4","true"
"v2588","おっしゃいます","おっしゃいます","dire, s'appeler (son nom) (terme de respect équivalent à いいます)","verbe","49","N4","true"
"v2589","なさいます","なさいます","faire (terme de respect équivalent à します)","verbe","49","N4","true"
"v2590","ご覧に なります","ごらんに なります","voir, regarder (terme de respect équivalent à みます)","verbe","49","N4","true"
"v2591","ご存じです","ごぞんじです","connaître, savoir (terme de respect équivalent à しっています)","nom/autre","49","N4","true"
"v2592","あいさつ","あいさつ","salut, présentation, mots de bienvenue (～を します : saluer, se présenter, dire les mots de bienvenue)","nom/autre","49","N4","true"
"v2593","旅館","りょかん","auberge ou hôtel de style japonais","nom/autre","49","N4","true"
"v2594","バス停","バスてい","arrêt de bus","nom/autre","49","N4","true"
"v2595","奥様","おくさま","femme (de quelqu'un d'autre) (terme de respect équivalent à おくさん)","nom/autre","49","N4","true"
"v2596","～様","～さま","(terme de respect de ～さん)","nom/autre","49","N4","true"
"v2597","たまに","たまに","de temps en temps, rarement","nom/autre","49","N4","true"
"v2598","どなたでも","どなたでも","tout le monde, n'importe qui (terme de respect équivalent à だれでも)","nom/autre","49","N4","true"
"v2599","～と いいます","～と いいます","s'appeler ～ (son nom)","verbe","49","N4","true"
"v2600","－年－組","－ねん－くみ","classe － de －ème année","nom/autre","49","N4","true"
"v2601","出します","だします","avoir [de la fièvre]","verbe","49","N4","true"
"v2602","よろしく お伝え ください。","よろしく おつたえ ください。","Pourriez-vous dire cela (à qqn.)?/Transmettez mes salutations (à qqn.).","expression","49","N4","true"
"v2603","失礼いたします。","しつれいいたします。","Au revoir. (terme de modestie équivalent à しつれいします)","expression","49","N4","true"
"v2605","経歴","けいれき","biographie, curriculum vitæ","nom/autre","49","N4","true"
"v2606","医学部","いがくぶ","faculté de médecine","nom/autre","49","N4","true"
"v2607","目指します","めざします","viser à","verbe","49","N4","true"
"v2608","進みます","すすみます","poursuivre ses études dans une école doctorale (master et doctorat)","verbe","49","N4","true"
"v2609","iPS細胞","iPSさいぼう","cellule souche pluripotentes induites (IPS)","nom/autre","49","N4","true"
"v2610","開発します","かいはつします","exploiter, développer","verbe","49","N4","true"
"v2611","マウス","マウス","souris","nom/autre","49","N4","true"
"v2612","ヒト","ヒト","humain","nom/autre","49","N4","true"
"v2613","授賞します","じゅしょうします","recevoir un prix","verbe","49","N4","true"
"v2614","講演会","こうえんかい","conférence","nom/autre","49","N4","true"
"v2615","山中伸弥","やまなかしんや","chercheur japonais en médecine (1962-)","nom/autre","49","N4","true"
"v2616","ノーベル賞","ノーベルしょう","prix Nobel","nom/autre","49","N4","true"
"v2617","休みます","やすみます","se coucher, aller au lit","verbe","49","N4","true"
"v2618","寄ります","よります","passer [à une banque]","verbe","49","N4","true"
"v2619","灰皿","はいざら","cendrier","expression","49","N4","true"
"v2620","会場","かいじょう","lieu ou salle (de réunion)","nom/autre","49","N4","true"
"v2621","貿易","ぼうえき","commerce extérieur","nom/autre","49","N4","true"
"v2622","帰りに","かえりに","en rentrant, sur le chemin du retour","nom/autre","49","N4","true"
"v2623","ちっとも","ちっとも","pas du tout (utilisé avec négation)","nom/autre","49","N4","true"
"v2624","遠慮なく","えんりょなく","sans façon, sans hésitation","nom/autre","49","N4","true"
"v2625","では","では","alors, eh ben (terme de politesse équivalent à じゃ)","nom/autre","49","N4","true"
"v2626","講師","こうし","conférencier","nom/autre","49","N4","true"
"v2627","多くの ～","おおくの ～","beaucoup de ～","nom/autre","49","N4","true"
"v2628","作品","さくひん","œuvre (d'art, etc.)","nom/autre","49","N4","true"
"v2629","世界的に","せかいてきに","mondialement","nom/autre","49","N4","true"
"v2630","作家","さっか","écrivain, auteur","nom/autre","49","N4","true"
"v2631","～で いらっしゃいます","～で いらっしゃいます","être (terme de respect équivalent à です)","verbe","49","N4","true"
"v2632","長男","ちょうなん","fils aîné (de qn.)","nom/autre","49","N4","true"
"v2633","障害","しょうがい","troubles, handicap","nom/autre","49","N4","true"
"v2634","お持ちです","おもちです","avoir (terme de respect équivalent à もって います)","nom/autre","49","N4","true"
"v2635","作曲","さっきょく","composition (musique)","nom/autre","49","N4","true"
"v2636","活動","かつどう","activité","nom/autre","49","N4","true"
"v2637","それでは","それでは","alors, eh bien (pour indiquer la fin ou le commencement de qch.)","nom/autre","49","N4","true"
"v2638","大江 健三郎","おおえ けんざぶろう","écrivain japonais (1935- )","nom/autre","49","N4","true"
"v2639","東京大学","とうきょうだいがく","Université de Tokyo","nom/autre","49","N4","true"
"v2640","ノーベル文学賞","ノーベルぶんがくしょう","prix Nobel de littérature","nom/autre","49","N4","true"
"v2641","参ります","まいります","aller, venir (terme de modestie équivalent à いきます et きます)","verbe","50","N4","true"
"v2642","おります","おります","être (terme de modestie équivalent à います)","verbe","50","N4","true"
"v2643","いただきます","いただきます","manger, boire, recevoir (terme de modestie équivalent à たべます, のみます et もらいます)","verbe","50","N4","true"
"v2644","申します","もうします","dire, s'appeler (nom) (terme de modestie équivalent à いいます)","verbe","50","N4","true"
"v2645","いたします","いたします","faire (terme de modestie équivalent à します)","verbe","50","N4","true"
"v2646","拝見します","はいけんします","voir, regarder (terme de modestie équivalent à みます)","verbe","50","N4","true"
"v2647","存じます","ぞんじます","apprendre, faire connaissance (terme de modestie équivalent à しります)","verbe","50","N4","true"
"v2648","伺います","うかがいます","demander, entendre, rendre visite (terme de modestie équivalent à ききます et いきます)","verbe","50","N4","true"
"v2649","お目に かかります","おめに かかります","voir, rencontrer (terme de modestie équivalent à あいます)","verbe","50","N4","true"
"v2650","いれます","いれます","faire [du café]","verbe","50","N4","true"
"v2651","用意します","よういします","préparer","verbe","50","N4","true"
"v2652","私","わたくし","moi, je (terme de modestie équivalent à わたし)","nom/autre","50","N4","true"
"v2653","ガイド","ガイド","guide","nom/autre","50","N4","true"
"v2654","メールアドレス","メールアドレス","adresse e-mail","nom/autre","50","N4","true"
"v2655","スケジュール","スケジュール","programme","nom/autre","50","N4","true"
"v2656","さ来週","さらいしゅう","dans deux semaines","nom/autre","50","N4","true"
"v2657","さ来月","さらいげつ","dans deux mois","nom/autre","50","N4","true"
"v2658","さ来年","さらいねん","dans deux ans","nom/autre","50","N4","true"
"v2659","初めに","はじめに","d'abord","nom/autre","50","N4","true"
"v2660","江戸東京博物館","えどとうきょうはくぶつかん","musée d'Edo-Tokyo","nom/autre","50","N4","true"
"v2661","緊張します","きんちょうします","être tendu, être nerveux","verbe","50","N4","true"
"v2662","賞金","しょうきん","prix (en espèces), prime","nom/autre","50","N4","true"
"v2663","きりん","きりん","girafe","nom/autre","50","N4","true"
"v2664","ころ","ころ","temps, époque, moment","nom/autre","50","N4","true"
"v2665","かないます","かないます","[un rêve] se réaliser","verbe","50","N4","true"
"v2666","応援します","おうえんします","soutenir","verbe","50","N4","true"
"v2667","心から","こころから","de tout cœur","nom/autre","50","N4","true"
"v2668","感謝します","かんしゃします","remercier","verbe","50","N4","true"
"v2669","お礼","おれい","remerciement","nom/autre","50","N4","true"
"v2670","お元気で いらっしゃいますか。","おげんきで いらっしゃいますか。","Comment allez-vous? (expression de respect équivalent à おげんきですか)","expression","50","N4","true"
"v2671","迷惑を かけます","めいわくを かけます","causer des ennuis, déranger, incommoder","verbe","50","N4","true"
"v2672","生かします","いかします","tirer parti de qqch. (ex. son expérience)","verbe","50","N4","true"
"v2673","ミュンヘン","ミュンヘン","Munich (en Allemagne)","nom/autre","50","N4","true"
"v2674","ございます","ございます","être (terme de politesse équivalent à あります)","verbe","50","N4","true"
"v2675","～で ございます","～で ございます","être (terme de politesse équivalent à ～です)","verbe","50","N4","true"
"v2676","お宅","おたく","maison (de qn. d'autre)","nom/autre","50","N4","true"
"v2677","郊外","こうがい","banlieue, périphérie","nom/autre","50","N4","true"
"v2678","アルバム","アルバム","album","nom/autre","50","N4","true"
"v2679","半年","はんとし","six mois, semestre","nom/autre","50","N4","true"
"v2680","最初に","さいしょに","d'abord","nom/autre","50","N4","true"
"v2681","最後に","さいごに","à la fin, en dernier","nom/autre","50","N4","true"
"v2682","ただ今","ただいま","maintenant, à présent","nom/autre","50","N4","true"
"v2683","放送します","ほうそうします","émettre, téléviser","verbe","50","N4","true"
"v2684","撮ります","とります","enregistrer qch. [au magnétoscope]","verbe","50","N4","true"
"v2685","自然","しぜん","nature","nom/autre","50","N4","true"
"v2686","象","ぞう","éléphant","nom/autre","50","N4","true"
"v2687","ひとこと よろしいでしょうか。","ひとこと よろしいでしょうか。","Puis-je dire un mot?","expression","50","N4","true"
"v2688","協力します","きょうりょくします","collaborer, accorder sa collaboration","verbe","50","N4","true"
"v2689","拝啓","はいけい","Cher Monsieur, Chère Madame","expression","50","N4","true"
"v2690","美しい","うつくしい","beau","nom/autre","50","N4","true"
"v2691","城","しろ","château","nom/autre","50","N4","true"
"v2692","敬具","けいぐ","Mes meilleures salutations./Cordialement.","nom/autre","50","N4","true"
